time_s,reference_m,position_m,base_position_m,voltage_v
0.0,0.0,0.0,0.0,0.0
0.01,0.0,0.0,0.0,0.0
0.02,0.0,0.0,0.0,0.0
0.03,0.0,0.0,0.0,0.0
0.04,0.0,0.0,0.0,0.0
0.05,0.0,0.0,0.0,0.0
0.06,0.0,0.0,0.0,0.0
0.07,0.0,0.0,0.0,0.0
0.08,0.0,0.0,0.0,0.0
0.09,0.0,0.0,0.0,0.0
0.1,0.0,0.0,0.0,0.0
0.11,0.0,0.0,0.0,0.0
0.12,0.0,0.0,0.0,0.0
0.13,0.0,0.0,0.0,0.0
0.14,0.0,0.0,0.0,0.0
0.15,0.0,0.0,0.0,0.0
0.16,0.0,0.0,0.0,0.0
0.17,0.0,0.0,0.0,0.0
0.18,0.0,0.0,0.0,0.0
0.19,0.0,0.0,0.0,0.0
0.2,0.0,0.0,0.0,0.0
0.21,0.0,0.0,0.0,0.0
0.22,0.0,0.0,0.0,0.0
0.23,0.0,0.0,0.0,0.0
0.24,0.0,0.0,0.0,0.0
0.25,0.0,0.0,0.0,0.0
0.26,0.0,0.0,0.0,0.0
0.27,0.0,0.0,0.0,0.0
0.28,0.0,0.0,0.0,0.0
0.29,0.0,0.0,0.0,0.0
0.3,0.0,0.0,0.0,0.0
0.31,0.0,0.0,0.0,0.0
0.32,0.0,0.0,0.0,0.0
0.33,0.0,0.0,0.0,0.0
0.34,0.0,0.0,0.0,0.0
0.35000000000000003,0.0,0.0,0.0,0.0
0.36,0.0,0.0,0.0,0.0
0.37,0.0,0.0,0.0,0.0
0.38,0.0,0.0,0.0,0.0
0.39,0.0,0.0,0.0,0.0
0.4,0.0,0.0,0.0,0.0
0.41000000000000003,0.0,0.0,0.0,0.0
0.42,0.0,0.0,0.0,0.0
0.43,0.0,0.0,0.0,0.0
0.44,0.0,0.0,0.0,0.0
0.45,0.0,0.0,0.0,0.0
0.46,0.0,0.0,0.0,0.0
0.47000000000000003,0.0,0.0,0.0,0.0
0.48,0.0,0.0,0.0,0.0
0.49,0.0,0.0,0.0,0.0
0.5,0.0,0.0,0.0,0.0
0.51,0.0,0.0,0.0,0.0
0.52,0.0,0.0,0.0,0.0
0.53,0.0,0.0,0.0,0.0
0.54,0.0,0.0,0.0,0.0
0.55,0.0,0.0,0.0,0.0
0.56,0.0,0.0,0.0,0.0
0.5700000000000001,0.0,0.0,0.0,0.0
0.58,0.0,0.0,0.0,0.0
0.59,0.0,0.0,0.0,0.0
0.6,0.0,0.0,0.0,0.0
0.61,0.0,0.0,0.0,0.0
0.62,0.0,0.0,0.0,0.0
0.63,0.0,0.0,0.0,0.0
0.64,0.0,0.0,0.0,0.0
0.65,0.0,0.0,0.0,0.0
0.66,0.0,0.0,0.0,0.0
0.67,0.0,0.0,0.0,0.0
0.68,0.0,0.0,0.0,0.0
0.6900000000000001,0.0,0.0,0.0,0.0
0.7000000000000001,0.0,0.0,0.0,0.0
0.71,0.0,0.0,0.0,0.0
0.72,0.0,0.0,0.0,0.0
0.73,0.0,0.0,0.0,0.0
0.74,0.0,0.0,0.0,0.0
0.75,0.0,0.0,0.0,0.0
0.76,0.0,0.0,0.0,0.0
0.77,0.0,0.0,0.0,0.0
0.78,0.0,0.0,0.0,0.0
0.79,0.0,0.0,0.0,0.0
0.8,0.0,0.0,0.0,0.0
0.81,0.0,0.0,0.0,0.0
0.8200000000000001,0.0,0.0,0.0,0.0
0.8300000000000001,0.0,0.0,0.0,0.0
0.84,0.0,0.0,0.0,0.0
0.85,0.0,0.0,0.0,0.0
0.86,0.0,0.0,0.0,0.0
0.87,0.0,0.0,0.0,0.0
0.88,0.0,0.0,0.0,0.0
0.89,0.0,0.0,0.0,0.0
0.9,0.0,0.0,0.0,0.0
0.91,0.0,0.0,0.0,0.0
0.92,0.0,0.0,0.0,0.0
0.93,0.0,0.0,0.0,0.0
0.9400000000000001,0.0,0.0,0.0,0.0
0.9500000000000001,0.0,0.0,0.0,0.0
0.96,0.0,0.0,0.0,0.0
0.97,0.0,0.0,0.0,0.0
0.98,0.0,0.0,0.0,0.0
0.99,0.0,0.0,0.0,0.0
1.0,0.004,-8.078272028897532e-27,0.0,0.008727272736825524
1.01,0.004,5.088491023698998e-07,0.0,0.0089689507811758
1.02,0.004,3.1963876684432716e-06,0.0,0.009201525807986012
1.03,0.004,8.749382511545354e-06,0.0,0.009446483787478761
1.04,0.004,1.7377242467798172e-05,0.0,0.009719837970697736
1.05,0.004,2.9283684747728683e-05,0.0,0.01003234877976515
1.06,0.004,4.475678373425371e-05,0.0,0.010390375226221693
1.07,0.004,6.414345048456058e-05,0.0,0.010796811805011658
1.08,0.004,8.779530828957142e-05,0.0,0.011251945658020263
1.09,0.004,0.0001160195557656516,0.0,0.01175417886678869
1.1,0.004,0.00014905057807503255,0.0,0.012300597492964352
1.11,0.004,0.00018704298022945775,0.0,0.012887400245140372
1.12,0.004,0.0002300780444575452,0.0,0.013510217429434673
1.1300000000000001,0.004,0.00027817523338935176,0.0,0.014164350692080285
1.1400000000000001,0.004,0.0003313036329550507,0.0,0.014844955766296328
1.1500000000000001,0.004,0.0003893912440344282,0.0,0.015547182663888433
1.16,0.004,0.0004523317260638597,0.0,0.016266282813682927
1.17,0.004,0.0005199888781199718,0.0,0.016997689475833355
1.18,0.004,0.0005921993533778027,0.0,0.01773707563078415
1.19,0.004,0.0006687742720796267,0.0,0.018480395502541155
1.2,0.004,0.000749500052511992,0.0,0.019223911877000385
1.21,0.004,0.0008341388197620763,0.0,0.019964209704738545
1.22,0.004,0.000922428829065282,0.0,0.02069820354471287
1.23,0.004,0.0010140849682629635,0.0,0.021423135368362923
1.24,0.004,0.0011087995354508956,0.0,0.022136568048298222
1.25,0.004,0.0012062434706454088,0.0,0.02283637375498785
1.26,0.004,0.0013060678665834271,0.0,0.023520720492053324
1.27,0.004,0.0014079061987883814,0.0,0.024188053979101502
1.28,0.004,0.0015113765482115905,0.0,0.02483708181224056
1.29,0.004,0.001616084806283954,0.0,0.025466752429405933
1.3,0.004,0.0017216276437072946,0.0,0.02607623695958292
1.31,0.004,0.00182759598860599,0.0,0.026664911323737935
1.32,0.004,0.0019335791934862272,0.0,0.027232333058892635
1.33,0.004,0.002039167858903517,0.0,0.027778230020839696
1.34,0.004,0.0021439589326985344,0.0,0.028302475467037024
1.35,0.004,0.0022475589241004014,0.0,0.028805074502020467
1.36,0.004,0.002349586574529196,0.0,0.029286153926910384
1.37,0.004,0.0024496788091038337,0.0,0.02974593562764426
1.3800000000000001,0.004,0.0025474922787065393,0.0,0.030184731255016556
1.3900000000000001,0.004,0.002642706106371406,0.0,0.030602930874158427
1.4000000000000001,0.004,0.0027350261796916355,0.0,0.031000984199011202
1.41,0.004,0.0028241858952660214,0.0,0.031379396664038633
1.42,0.004,0.002909948760652709,0.0,0.03173871657309003
1.43,0.004,0.0029921102523238776,0.0,0.03207952542039034
1.44,0.004,0.0030704978476480465,0.0,0.03240243383256342
1.45,0.004,0.0031449726937887576,0.0,0.03270807021108715
1.46,0.004,0.0032154292132906465,0.0,0.03299707757917399
1.47,0.004,0.003281795030824897,0.0,0.03327010664156152
1.48,0.004,0.003344030585332569,0.0,0.03352781073474938
1.49,0.004,0.0034021278832779907,0.0,0.03377084282570276
1.5,0.004,0.003456109459509979,0.0,0.033999849875633884
1.51,0.004,0.0035060268170423467,0.0,0.034215471401587254
1.52,0.004,0.0035519585687282047,0.0,0.03441833481649483
1.53,0.004,0.003594008926555597,0.0,0.03460905333182583
1.54,0.004,0.0036323060127259376,0.0,0.0347882221657619
1.55,0.004,0.003667000518511402,0.0,0.03495641361674881
1.56,0.004,0.003698265938712178,0.0,0.03511417178604841
1.57,0.004,0.003726299378815681,0.0,0.03526200082633165
1.58,0.004,0.0037513241317713745,0.0,0.035400354112206885
1.59,0.004,0.0037735947784874853,0.0,0.03552961515171623
1.6,0.004,0.003793400092247954,0.0,0.03565008323049637
1.61,0.004,0.0038110633783261117,0.0,0.035761965336825616
1.62,0.004,0.003826933392823582,0.0,0.035865388174628705
1.6300000000000001,0.004,0.003841364777383601,0.0,0.03596043413911128
1.6400000000000001,0.004,0.0038546923495351906,0.0,0.03604719203835221
1.6500000000000001,0.004,0.003867207790229246,0.0,0.03612580402898344
1.6600000000000001,0.004,0.0038791458108832473,0.0,0.036196493125758636
1.67,0.004,0.0038906820052346767,0.0,0.0362595661388806
1.68,0.004,0.0039019389800179494,0.0,0.03631539911812664
1.69,0.004,0.003912996238392937,0.0,0.03636441507408169
1.7,0.004,0.003923900564684653,0.0,0.03640706112140684
1.71,0.004,0.003934675168213755,0.0,0.03644378892319054
1.72,0.004,0.003945326963572439,0.0,0.036475039833313544
1.73,0.004,0.003955852188944761,0.0,0.03650123426582116
1.74,0.004,0.0039662406557340124,0.0,0.03652276460103187
1.75,0.004,0.003976478712206774,0.0,0.03653999136062405
1.76,0.004,0.0039865513505836,0.0,0.03655324146614084
1.77,0.004,0.00399644389017797,0.0,0.036562807827905816
1.78,0.004,0.0040061427282199105,0.0,0.03656895075692482
1.79,0.004,0.0040156361762711795,0.0,0.036571899519499414
1.8,0.004,0.004024914558042205,0.0,0.03657185509151618
1.81,0.004,0.004033970481193583,0.0,0.036568992693081975
1.82,0.004,0.0040427985607413884,0.0,0.03656346500411796
1.83,0.004,0.004051395470414746,0.0,0.036555404824822474
1.84,0.004,0.004059759429485107,0.0,0.03654492828177604
1.85,0.004,0.00406789021270705,0.0,0.03653213711349013
1.86,0.004,0.00407578863131042,0.0,0.036517121461619964
1.87,0.004,0.004083456440062616,0.0,0.03649996177416712
1.8800000000000001,0.004,0.00409089608450147,0.0,0.03648073072765181
1.8900000000000001,0.004,0.004098110384004033,0.0,0.036459495029434685
1.9000000000000001,0.004,0.004105102636387393,0.0,0.03643631629234065
1.9100000000000001,0.004,0.004111876160125435,0.0,0.036411252730659704
1.92,0.004,0.004118434493319174,0.0,0.03638435950110257
1.93,0.004,0.0041247811747295235,0.0,0.036355689680409635
1.94,0.004,0.00413091964795271,0.0,0.03632529490549682
1.95,0.004,0.0041368534198648775,0.0,0.03629322541271693
1.96,0.004,0.004142585803071626,0.0,0.036259530818341226
1.97,0.004,0.0041481200419801224,0.0,0.03622426007287244
1.98,0.004,0.004153459340936279,0.0,0.036187461550738494
1.99,0.004,0.004158606676577388,0.0,0.03614918354011705
2.0,0.004,0.004163565004045883,0.0,0.036109473894092345
2.0100000000000002,0.004,0.00416833716852712,0.0,0.036068380256813526
2.02,0.004,0.004172925834477135,0.0,0.03602595023700129
2.0300000000000002,0.004,0.0041773336735956125,0.0,0.035982231029278576
2.04,0.004,0.004181563198998064,0.0,0.035937269758545456
2.05,0.004,0.004185616822858423,0.0,0.03589111335386118
2.06,0.004,0.00418949696486888,0.0,0.03584380831014302
2.07,0.004,0.004193205861674254,0.0,0.03579540107205939
2.08,0.004,0.004196745738937265,0.0,0.03574593765928964
2.09,0.004,0.004200118783966142,0.0,0.03569546370837874
2.1,0.004,0.004203327032685798,0.0,0.03564402469516402
2.11,0.004,0.004206372572156461,0.0,0.035591665497628544
2.12,0.004,0.004209257372437015,0.0,0.035538430737249826
2.13,0.004,0.004211983353615644,0.0,0.03548436462906214
2.14,0.004,0.004214552469761555,0.0,0.035429510798565274
2.15,0.004,0.004216966522196589,0.0,0.03537391266796733
2.16,0.004,0.004219227381820753,0.0,0.03531761298623088
2.17,0.004,0.004221336830778848,0.0,0.03526065415974268
2.18,0.004,0.004223296617999472,0.0,0.035203078135008975
2.19,0.004,0.004225108533252467,0.0,0.03514492624468503
2.2,0.004,0.004226774235841224,0.0,0.03508623956877816
2.21,0.004,0.004228295489864903,0.0,0.03502705844408313
2.22,0.004,0.004229673925339007,0.0,0.03496742296925532
2.23,0.004,0.0042309112509827315,0.0,0.03490737256219942
2.24,0.004,0.004232009102736371,0.0,0.034846946283058844
2.25,0.004,0.004232969136422033,0.0,0.03478618264401243
2.2600000000000002,0.004,0.004233792998040152,0.0,0.03472511967723671
2.27,0.004,0.004234482311309822,0.0,0.034663794965270285
2.2800000000000002,0.004,0.004235038725878752,0.0,0.03460224554541305
2.29,0.004,0.004235463858458088,0.0,0.03454050803711685
2.3000000000000003,0.004,0.004235759353473772,0.0,0.03447861851982164
2.31,0.004,0.004235926845997682,0.0,0.034416612614007594
2.32,0.004,0.004235967966853946,0.0,0.03435452547479583
2.33,0.004,0.004235884388008514,0.0,0.03429239169934014
2.34,0.004,0.004235677737640988,0.0,0.034230245508165155
2.35,0.004,0.004235349695896598,0.0,0.034168120546234554
2.36,0.004,0.004234901960431229,0.0,0.034106049957460305
2.37,0.004,0.004234336231063431,0.0,0.03404406641764358
2.38,0.004,0.0042336541481101195,0.0,0.03398220226420259
2.39,0.004,0.004232857514158704,0.0,0.03392048903305602
2.4,0.004,0.004231948024775434,0.0,0.033858958020859586
2.41,0.004,0.00423092746831689,0.0,0.03379763986682995
2.42,0.004,0.004229797637313781,0.0,0.03373656473624973
2.43,0.004,0.004228560290340769,0.0,0.03367576239916394
2.44,0.004,0.004227217336329012,0.0,0.03361526184188625
2.45,0.004,0.004225770531850781,0.0,0.03355509189794409
2.46,0.004,0.004224221853483598,0.0,0.0334952804659606
2.47,0.004,0.004222573121569078,0.0,0.03343585529272465
2.48,0.004,0.00422082633930834,0.0,0.03337684326058707
2.49,0.004,0.004218983413654552,0.0,0.03331827096595225
2.5,0.004,0.0042170463683477745,0.0,0.03326016427004878
2.5100000000000002,0.004,0.004215017203863488,0.0,0.0332025485855812
2.52,0.004,0.004212897965287559,0.0,0.03314544873053022
2.5300000000000002,0.004,0.0042106907472262995,0.0,0.03308888891112399
2.54,0.004,0.004208397619607559,0.0,0.03303289287187232
2.5500000000000003,0.004,0.004206020767761598,0.0,0.03297748359587142
2.56,0.004,0.004203562291962398,0.0,0.0329226837176831
2.57,0.004,0.0042010244601470015,0.0,0.03286851498857479
2.58,0.004,0.004198409412470396,0.0,0.032814998886664816
2.59,0.004,0.004195719483206879,0.0,0.032762155938246475
2.6,0.004,0.004192956870642155,0.0,0.03271000639916624
2.61,0.004,0.0041901239492297074,0.0,0.03265856959721241
2.62,0.004,0.004187222996641881,0.0,0.03260786449324722
2.63,0.004,0.004184256400375891,0.0,0.03255790924444948
2.64,0.004,0.004181226533598209,0.0,0.0325087214546651
2.65,0.004,0.004178135777036005,0.0,0.032460318122956404
2.66,0.004,0.004174986600716453,0.0,0.032412715465257036
2.67,0.004,0.004171781378107003,0.0,0.03236592929524654
2.68,0.004,0.004168522647006229,0.0,0.032319974474225945
2.69,0.004,0.004165212812197822,0.0,0.032274865523137
2.7,0.004,0.004161854413564025,0.0,0.032230616059134666
2.71,0.004,0.004158449939490885,0.0,0.03218723917651189
2.72,0.004,0.004155001877020104,0.0,0.03214474733777107
2.73,0.004,0.004151512803568493,0.0,0.03210315217656125
2.74,0.004,0.004147985173808033,0.0,0.03206246493576069
2.75,0.004,0.004144421574793691,0.0,0.032022695932909864
2.7600000000000002,0.004,0.004140824521252976,0.0,0.03198385498021135
2.77,0.004,0.004137196511458091,0.0,0.0319459512654528
2.7800000000000002,0.004,0.0041335401300415546,0.0,0.03190899313447949
2.79,0.004,0.004129857843722895,0.0,0.03187298851200914
2.8000000000000003,0.004,0.004126152178780475,0.0,0.03183794453137099
2.81,0.004,0.004122425667449179,0.0,0.03180386764308042
2.82,0.004,0.004118680741607829,0.0,0.031770763834008085
2.83,0.004,0.0041149199024841645,0.0,0.031738638274656915
2.84,0.004,0.00411114562161858,0.0,0.03170749552389086
2.85,0.004,0.004107360284472071,0.0,0.03167733964595832
2.86,0.004,0.004103566321852161,0.0,0.031648173938852484
2.87,0.004,0.004099766138489534,0.0,0.03162000108386754
2.88,0.004,0.004095962060042016,0.0,0.0315928232571778
2.89,0.004,0.004092156408976881,0.0,0.03156664197491157
2.9,0.004,0.004088351506803932,0.0,0.03154145809134928
2.91,0.004,0.0040845496101415395,0.0,0.03151727193693473
2.92,0.004,0.004080752918173257,0.0,0.0314940833049018
2.93,0.004,0.004076963630932248,0.0,0.031471891335835715
2.94,0.004,0.004073183919372925,0.0,0.03145069458446919
2.95,0.004,0.0040694158888496465,0.0,0.031430491105824104
2.96,0.004,0.004065661579684433,0.0,0.031411278455081355
2.97,0.004,0.0040619230120314785,0.0,0.03139305360339584
2.98,0.004,0.0040582022050809135,0.0,0.031375812905120336
2.99,0.004,0.004054501089692112,0.0,0.03135955229082242
3.0,0.004,0.004050821505044146,0.0,0.031344267279354895
3.0100000000000002,0.004,0.004047165311658986,0.0,0.03132995275188996
3.02,0.004,0.004043534362002378,0.0,0.03131660302241085
3.0300000000000002,0.004,0.004039930361191812,0.0,0.031304212141831204
3.04,0.004,0.0040363549335080805,0.0,0.03129277376435895
3.0500000000000003,0.004,0.004032809808768834,0.0,0.031282280771990675
3.06,0.004,0.004029296581441014,0.0,0.03127272578859752
3.0700000000000003,0.004,0.004025816729770779,0.0,0.0312641011505109
3.08,0.004,0.004022371814458649,0.0,0.031256398502064034
3.09,0.004,0.004018963281127639,0.0,0.031249609222784244
3.1,0.004,0.0040155924447211255,0.0,0.031243724470691066
3.11,0.004,0.004012260729854964,0.0,0.031238734690996285
3.12,0.004,0.004008969426905691,0.0,0.031234630141171803
3.13,0.004,0.004005719695340273,0.0,0.03123140089522356
3.14,0.004,0.0040025128222270145,0.0,0.03122903631490463
3.15,0.004,0.003999349925128228,0.0,0.031227525686462032
3.16,0.004,0.003996232046270716,0.0,0.031226858035174797
3.17,0.004,0.003993160322707177,0.0,0.031227021781471215
3.18,0.004,0.003990135687231278,0.0,0.031228005382661954
3.19,0.004,0.003987159100087627,0.0,0.031229796858648465
3.2,0.004,0.003984231522507406,0.0,0.03123238386116453
3.21,0.004,0.0039813537251812865,0.0,0.031235754089066405
3.22,0.004,0.003978526597423038,0.0,0.031239894651861822
3.23,0.004,0.003975750891676275,0.0,0.031244792619927478
3.24,0.004,0.003973027291181571,0.0,0.03125043489483822
3.25,0.004,0.003970356560287662,0.0,0.03125680790644418
3.2600000000000002,0.004,0.0039677392583740605,0.0,0.031263898227263956
3.27,0.004,0.003965176035152158,0.0,0.031271691964016024
3.2800000000000002,0.004,0.003962667455300907,0.0,0.03128017513920252
3.29,0.004,0.0039602139803237655,0.0,0.0312893337413936
3.3000000000000003,0.004,0.003957816173721107,0.0,0.0312991533060484
3.31,0.004,0.003955474400210778,0.0,0.031309619560456144
3.3200000000000003,0.004,0.003953189107280273,0.0,0.03132071784320602
3.33,0.004,0.003950960669299357,0.0,0.03133243344413138
3.34,0.004,0.003948789361777492,0.0,0.03134475166988751
3.35,0.004,0.003946675560579772,0.0,0.031357657436227926
3.36,0.004,0.0039446194496581734,0.0,0.03137113589440379
3.37,0.004,0.003942621303647459,0.0,0.031385171847374875
3.38,0.004,0.00394068131625843,0.0,0.03139975012197291
3.39,0.004,0.003938799601468043,0.0,0.03141485557694655
3.4,0.004,0.003936976363818393,0.0,0.03143047275495317
3.41,0.004,0.0039352116244811015,0.0,0.03144658646963718
3.42,0.004,0.0039335055033522985,0.0,0.03146318122175077
3.43,0.004,0.003931858032526755,0.0,0.03148024160184162
3.44,0.004,0.003930269179176336,0.0,0.031497752251709144
3.45,0.004,0.003928738994727687,0.0,0.03151569755972516
3.46,0.004,0.003927267357018985,0.0,0.03153406221330773
3.47,0.004,0.003925854240250457,0.0,0.03155283063942343
3.48,0.004,0.0039244995409722745,0.0,0.031571987380105145
3.49,0.004,0.003923203084855109,0.0,0.031591517086912484
3.5,0.004,0.003921964789831003,0.0,0.03161140418572294
3.5100000000000002,0.004,0.003920784411207903,0.0,0.03163163342237048
3.52,0.004,0.003919661777520929,0.0,0.03165218937376989
3.5300000000000002,0.004,0.003918596680433756,0.0,0.031673056688041656
3.54,0.004,0.0039175888058907,0.0,0.03169422023743117
3.5500000000000003,0.004,0.003916637950941936,0.0,0.031715664669025624
3.56,0.004,0.003915743778375781,0.0,0.03173737492969238
3.5700000000000003,0.004,0.003914905959615511,0.0,0.03175933597209403
3.58,0.004,0.003914124205696068,0.0,0.031781532696520134
3.59,0.004,0.003913398089302334,0.0,0.0318039503334951
3.6,0.004,0.003912727265079045,0.0,0.0318265739859469
3.61,0.004,0.003912111346254856,0.0,0.03184938889630879
3.62,0.004,0.0039115498485456195,0.0,0.03187238057145942
3.63,0.004,0.003911042387049238,0.0,0.031895534373774716
3.64,0.004,0.003910588489424039,0.0,0.03191883592200721
3.65,0.004,0.003910187630050368,0.0,0.03194227102525591
3.66,0.004,0.003909839367383925,0.0,0.0319658253988202
3.67,0.004,0.003909543163476718,0.0,0.03198948505202167
3.68,0.004,0.00390929844885547,0.0,0.032013236156628704
3.69,0.004,0.00390910472308404,0.0,0.032037064839632236
3.7,0.004,0.0039089614000168095,0.0,0.03206095751707469
3.71,0.004,0.00390886785806821,0.0,0.03208490079261418
3.72,0.004,0.003908823540504415,0.0,0.03210888125020611
3.73,0.004,0.003908827825861315,0.0,0.032132885734912665
3.74,0.004,0.003908880041903902,0.0,0.03215690132790793
3.75,0.004,0.003908979569460859,0.0,0.03218091513095406
3.7600000000000002,0.004,0.00390912575635497,0.0,0.03220491445419006
3.77,0.004,0.003909317902579413,0.0,0.03222888685374549
3.7800000000000002,0.004,0.003909555319611487,0.0,0.03225282000976425
3.79,0.004,0.003909837306454056,0.0,0.032276701777849186
3.8000000000000003,0.004,0.00391016314255691,0.0,0.03230052021531608
3.81,0.004,0.0039105321044309235,0.0,0.03232426354904362
3.8200000000000003,0.004,0.003910943453794676,0.0,0.03234792020134172
3.83,0.004,0.003911396412082609,0.0,0.032371478847970495
3.84,0.004,0.003911890225685329,0.0,0.032394928289161455
3.85,0.004,0.003912424140864191,0.0,0.03241825750385939
3.86,0.004,0.003912997329111715,0.0,0.03244145580805239
3.87,0.004,0.003913608999376552,0.0,0.032464512627179136
3.88,0.004,0.003914258389860649,0.0,0.032487417515754284
3.89,0.004,0.003914944629467996,0.0,0.03251016044823491
3.9,0.004,0.003915666875431987,0.0,0.032532731537706784
3.91,0.004,0.0039164243654262005,0.0,0.03255512093036094
3.92,0.004,0.003917216227643742,0.0,0.03257731920304862
3.93,0.004,0.003918041557971133,0.0,0.032599317206299216
3.94,0.004,0.003918899556791251,0.0,0.032621105783256873
3.95,0.004,0.003919789370936881,0.0,0.0326426761004432
3.96,0.004,0.003920710067599435,0.0,0.03266401970495687
3.97,0.004,0.003921660806141863,0.0,0.03268512817035
3.98,0.004,0.003922640731599811,0.0,0.032705993319953934
3.99,0.004,0.003923648899364252,0.0,0.03272660738595415
4.0,0.004,0.003924684439763848,0.0,0.03274696266998116
4.01,0.004,0.003925746499323028,0.0,0.03276705166680193
4.0200000000000005,0.004,0.003926834121242227,0.0,0.03278686731496075
4.03,0.004,0.003927946408985249,0.0,0.03280640265894088
4.04,0.004,0.003929082515741715,0.0,0.032825650872384045
4.05,0.004,0.003930241486732515,0.0,0.0328446055877791
4.0600000000000005,0.004,0.003931422397405956,0.0,0.03286326061076934
4.07,0.004,0.003932624396975861,0.0,0.0328816098308813
4.08,0.004,0.003933846557604866,0.0,0.03289964753637192
4.09,0.004,0.003935087931343122,0.0,0.03291736829700788
4.1,0.004,0.0039363476501793684,0.0,0.03293476675711304
4.11,0.004,0.003937624827596096,0.0,0.032951837840982844
4.12,0.004,0.0039389185054043655,0.0,0.03296857686426262
4.13,0.004,0.003940227793396809,0.0,0.03298497924421166
4.14,0.004,0.0039415518410856895,0.0,0.033001040558811374
4.15,0.004,0.0039428897055653655,0.0,0.033016756822064106
4.16,0.004,0.0039442404774001245,0.0,0.03303212422227435
4.17,0.004,0.0039456033134401556,0.0,0.03304713905390454
4.18,0.004,0.003946977326447215,0.0,0.03306179794715652
4.19,0.004,0.003948361592803209,0.0,0.033076097851767884
4.2,0.004,0.00394975525464391,0.0,0.03309003582403605
4.21,0.004,0.003951157489052625,0.0,0.03310360909067841
4.22,0.004,0.0039525673898006715,0.0,0.0331168152943767
4.23,0.004,0.003953984083090991,0.0,0.03312965225198296
4.24,0.004,0.003955406759173686,0.0,0.03314211788792233
4.25,0.004,0.003956834592759069,0.0,0.03315421039906818
4.26,0.004,0.0039582667021867525,0.0,0.033165928338848155
4.2700000000000005,0.004,0.003959702264575568,0.0,0.03317727037558167
4.28,0.004,0.003961140512774166,0.0,0.03318823529808336
4.29,0.004,0.003962580624265849,0.0,0.03319882224554615
4.3,0.004,0.003964021762848816,0.0,0.03320903061933302
4.3100000000000005,0.004,0.003965463157289792,0.0,0.033218859916534164
4.32,0.004,0.003966904079289721,0.0,0.033228309775058446
4.33,0.004,0.00396834372380572,0.0,0.03323738022096876
4.34,0.004,0.0039697813073600345,0.0,0.03324607146144997
4.3500000000000005,0.004,0.003971216114264049,0.0,0.033254383785640905
4.36,0.004,0.00397264745253744,0.0,0.03326231765533683
4.37,0.004,0.003974074547604324,0.0,0.033269873924322055
4.38,0.004,0.00397549667424512,0.0,0.033277053560013446
4.39,0.004,0.003976913178211657,0.0,0.03328385759580896
4.4,0.004,0.003978323395880015,0.0,0.03329028729673327
4.41,0.004,0.003979726598113401,0.0,0.03329634427436821
4.42,0.004,0.003981122124655109,0.0,0.03330203020189098
4.43,0.004,0.003982509384749863,0.0,0.033307346810860394
4.44,0.004,0.003983887733899263,0.0,0.03331229614575846
4.45,0.004,0.0039852565052515155,0.0,0.033316880495858375
4.46,0.004,0.0039866151114207205,0.0,0.03332110217757157
4.47,0.004,0.003987963015556606,0.0,0.03332496359327996
4.48,0.004,0.003989299593461769,0.0,0.03332846751621161
4.49,0.004,0.003990624255786305,0.0,0.03333161683132881
4.5,0.004,0.003991936494707752,0.0,0.03333441443358167
4.51,0.004,0.0039932358004945686,0.0,0.03333686339998973
4.5200000000000005,0.004,0.003994521593930581,0.0,0.03333896712809847
4.53,0.004,0.003995793370354638,0.0,0.03334072902915298
4.54,0.004,0.003997050696616679,0.0,0.03334215253196451
4.55,0.004,0.003998293070056055,0.0,0.033343241374663525
4.5600000000000005,0.004,0.00399951998703182,0.0,0.03334399945774544
4.57,0.004,0.0040007310323202675,0.0,0.033344430651587605
4.58,0.004,0.00400192581593224,0.0,0.0333445389264847
4.59,0.004,0.004003103858489736,0.0,0.03334432858918088
4.6000000000000005,0.004,0.004004264750323238,0.0,0.033343803944470105
4.61,0.004,0.0040054081620794655,0.0,0.0333429692696261
4.62,0.004,0.004006533700891891,0.0,0.03334182911232419
4.63,0.004,0.004007640963104725,0.0,0.03334038817654249
4.64,0.004,0.004008729636951107,0.0,0.033338651101839666
4.65,0.004,0.0040097994331341,0.0,0.03333662260632072
4.66,0.004,0.004010849975872985,0.0,0.03333430771147789
4.67,0.004,0.004011880962716847,0.0,0.0333317114017333
4.68,0.004,0.004012892167210436,0.0,0.033328838615576395
4.69,0.004,0.004013883288415492,0.0,0.033325694557547005
4.7,0.004,0.0040148540321790355,0.0,0.03332228452386449
4.71,0.004,0.004015804196643281,0.0,0.033318613717887836
4.72,0.004,0.0040167335787364864,0.0,0.033314687443417805
4.73,0.004,0.004017641904763893,0.0,0.03331051124696113
4.74,0.004,0.004018528982930867,0.0,0.03330609059195335
4.75,0.004,0.00401939468516319,0.0,0.03330143089414044
4.76,0.004,0.004020238793809882,0.0,0.03329653783951698
4.7700000000000005,0.004,0.00402106112505295,0.0,0.03329141712109782
4.78,0.004,0.004021861584013999,0.0,0.033286074318802386
4.79,0.004,0.004022640042684467,0.0,0.03328051515254157
4.8,0.004,0.004023396330107891,0.0,0.03327474549951713
4.8100000000000005,0.004,0.004024130362398189,0.0,0.03326877111569683
4.82,0.004,0.004024842096394987,0.0,0.033262597730619216
4.83,0.004,0.0040255313970762605,0.0,0.033256231322129716
4.84,0.004,0.004026198187603725,0.0,0.033249677796781826
4.8500000000000005,0.004,0.0040268424695433114,0.0,0.03324294294380215
4.86,0.004,0.004027464183947392,0.0,0.033236032723492875
4.87,0.004,0.004028063259911531,0.0,0.03322895316192549
4.88,0.004,0.00402863971260543,0.0,0.03322171014006775
4.89,0.004,0.0040291935719165735,0.0,0.033214309541135766
4.9,0.004,0.004029724787475798,0.0,0.03320675744687691
4.91,0.004,0.004030233377660649,0.0,0.03319905981982236
4.92,0.004,0.00403071942817859,0.0,0.03319122250347476
4.93,0.004,0.004031182950438807,0.0,0.033183251516447035
4.94,0.004,0.004031623963215025,0.0,0.03317515287769659
4.95,0.004,0.004032042566704557,0.0,0.03316693244657366
4.96,0.004,0.0040324388607904426,0.0,0.03315859609203621
4.97,0.004,0.004032812875349727,0.0,0.03315014983623848
4.98,0.004,0.004033164708847435,0.0,0.03314159955877993
4.99,0.004,0.004033494520500712,0.0,0.033132951010835715
5.0,0.004,0.004033802394289147,0.0,0.033124210097626
5.01,0.004,0.004034088423847216,0.0,0.03311538269719736
5.0200000000000005,0.004,0.004034352778434917,0.0,0.03310647451782623
5.03,0.004,0.004034595630432694,0.0,0.03309749124812091
5.04,0.004,0.004034817079859207,0.0,0.033088438712982254
5.05,0.004,0.004035017288578872,0.0,0.03307932258764296
5.0600000000000005,0.004,0.004035196479712342,0.0,0.03307014839671121
5.07,0.004,0.004035354812679002,0.0,0.03306092177374331
5.08,0.004,0.004035492438733179,0.0,0.033051648342284315
5.09,0.004,0.0040356095791218,0.0,0.03304233354780889
5.1000000000000005,0.004,0.004035706480157899,0.0,0.033032982750447505
5.11,0.004,0.004035783304152462,0.0,0.03302360145130267
5.12,0.004,0.004035840258890006,0.0,0.033014195017656095
5.13,0.004,0.00403587761636723,0.0,0.033004768641082566
5.14,0.004,0.004035895616959784,0.0,0.03299532753639208
5.15,0.004,0.0040358944549841735,0.0,0.03298587697008774
5.16,0.004,0.0040358743872214685,0.0,0.03297642202897534
5.17,0.004,0.004035835719577526,0.0,0.03296696764681143
5.18,0.004,0.004035778684181404,0.0,0.03295751885968365
5.19,0.004,0.00403570351717576,0.0,0.032948080640972814
5.2,0.004,0.004035610518081021,0.0,0.03293865777378446
5.21,0.004,0.004035500006660817,0.0,0.0329292549402138
5.22,0.004,0.0040353722185292205,0.0,0.032919876938114274
5.23,0.004,0.004035227430320988,0.0,0.032910528416446934
5.24,0.004,0.004035065978381637,0.0,0.03290121383408327
5.25,0.004,0.00403488817752684,0.0,0.032891937628504175
5.26,0.004,0.004034694282834675,0.0,0.0328827042944543
5.2700000000000005,0.004,0.004034484605278875,0.0,0.032873518139018454
5.28,0.004,0.0040342595083939226,0.0,0.03286438328751905
5.29,0.004,0.004034019295833738,0.0,0.03285530391727781
5.3,0.004,0.004033764248407564,0.0,0.03284628417888755
5.3100000000000005,0.004,0.004033494706905837,0.0,0.03283732802042349
5.32,0.004,0.0040332110497636655,0.0,0.03282843923348374
5.33,0.004,0.004032913570670425,0.0,0.03281962170774269
5.34,0.004,0.004032602577317602,0.0,0.03281087922313382
5.3500000000000005,0.004,0.004032278436736979,0.0,0.03280221535323088
5.36,0.004,0.004031941527076388,0.0,0.03279363356541198
5.37,0.004,0.004031592139166173,0.0,0.032785137425522574
5.38,0.004,0.004031230605674921,0.0,0.03277673032650218
5.39,0.004,0.0040308573158412235,0.0,0.03276841545650665
5.4,0.004,0.0040304726312392,0.0,0.032760195974154284
5.41,0.004,0.004030076851179325,0.0,0.03275207508011585
5.42,0.004,0.004029670329043846,0.0,0.03274405577265307
5.43,0.004,0.004029253468056346,0.0,0.03273614085592523
5.44,0.004,0.00402882660648056,0.0,0.032728333179018375
5.45,0.004,0.004028390057291797,0.0,0.032720635552562195
5.46,0.004,0.004027944191542334,0.0,0.032713050573582515
5.47,0.004,0.004027489414593498,0.0,0.032705580674837524
5.48,0.004,0.004027026041830623,0.0,0.03269822838370365
5.49,0.004,0.0040265544016809185,0.0,0.03269099610670646
5.5,0.004,0.0040260748804227375,0.0,0.03268388603537779
5.51,0.004,0.004025587869208362,0.0,0.03267690025660213
5.5200000000000005,0.004,0.004025093668613963,0.0,0.032670040951478345
5.53,0.004,0.004024592621598653,0.0,0.03266331011760951
5.54,0.004,0.004024085126039756,0.0,0.032656709542708766
5.55,0.004,0.004023571540841307,0.0,0.032650241000317645
5.5600000000000005,0.004,0.004023052165666258,0.0,0.03264390629201942
5.57,0.004,0.0040225273548216535,0.0,0.03263770700985652
5.58,0.004,0.004021997507762518,0.0,0.03263164455610538
5.59,0.004,0.004021462945327667,0.0,0.032625720401362204
5.6000000000000005,0.004,0.004020923973611436,0.0,0.032619935951525444
5.61,0.004,0.004020380956113656,0.0,0.03261429239758593
5.62,0.004,0.004019834277921222,0.0,0.032608790790377686
5.63,0.004,0.004019284227348403,0.0,0.032603432287494565
5.64,0.004,0.00401873111925816,0.0,0.032598217896692774
5.65,0.004,0.004018175323956625,0.0,0.032593148416023954
5.66,0.004,0.0040176171913441135,0.0,0.03258822459214748
5.67,0.004,0.0040170569935418935,0.0,0.03258344724021616
5.68,0.004,0.004016495051533819,0.0,0.032578816980831204
5.69,0.004,0.0040159317351161775,0.0,0.03257433424047437
5.7,0.004,0.0040153673477303356,0.0,0.03256999949189011
5.71,0.004,0.004014802157996124,0.0,0.03256581318895378
5.72,0.004,0.004014236490465581,0.0,0.03256177557870895
5.73,0.004,0.004013670700450162,0.0,0.032557886754107236
5.74,0.004,0.00401310504712696,0.0,0.03255414691892483
5.75,0.004,0.004012539801411065,0.0,0.032550556164053196
5.76,0.004,0.004011975289861481,0.0,0.032547114377108534
5.7700000000000005,0.004,0.004011411832575163,0.0,0.032543821372222934
5.78,0.004,0.00401084965965755,0.0,0.032540677064656943
5.79,0.004,0.004010289044450441,0.0,0.03253768119488817
5.8,0.004,0.004009730310447978,0.0,0.032534833314975926
5.8100000000000005,0.004,0.004009173725780945,0.0,0.03253213300895848
5.82,0.004,0.004008619509906553,0.0,0.032529579879753634
5.83,0.004,0.004008067935431916,0.0,0.03252717333903421
5.84,0.004,0.004007519310355859,0.0,0.032524912644709955
5.8500000000000005,0.004,0.004006973851847326,0.0,0.03252279716456153
5.86,0.004,0.004006431776029621,0.0,0.03252082619064778
5.87,0.004,0.004005893353124069,0.0,0.03251899882623442
5.88,0.004,0.0040053588584276975,0.0,0.0325173140883874
5.89,0.004,0.004004828470697604,0.0,0.03251577112039394
5.9,0.004,0.00400430240412382,0.0,0.03251436891901954
5.91,0.004,0.004003780924055218,0.0,0.03251310630301981
5.92,0.004,0.004003264254875561,0.0,0.03251198210568694
5.93,0.004,0.004002752556240333,0.0,0.032510995225246815
5.94,0.004,0.004002246038207868,0.0,0.032510144387722144
5.95,0.004,0.0040017449523338106,0.0,0.032509428166206465
5.96,0.004,0.00400124946836439,0.0,0.032508845238460815
5.97,0.004,0.004000759737605974,0.0,0.03250839425644844
5.98,0.004,0.004000275965182216,0.0,0.032508073698305454
5.99,0.004,0.003999798364782615,0.0,0.032507881962929676
6.0,0.004,0.003999327073910481,0.0,0.03250781754798442
6.01,0.004,0.004007358361990428,0.00011299020829189667,0.03248916665097416
6.0200000000000005,0.004,0.004032464877855346,0.0002253383836811407,0.03243236715416347
6.03,0.004,0.004074512364067824,0.0003364061414240745,0.032336686928865085
6.04,0.004,0.004133039386887202,0.0004455623723655527,0.0322020477206682
6.05,0.004,0.004207260725727937,0.0005521868290270151,0.03202896568554632
6.0600000000000005,0.004,0.004295781761289352,0.0006556736499764044,0.031819150564483555
6.07,0.004,0.004393991038125318,0.000755434802453644,0.03158126804034519
6.08,0.004,0.004494586897067012,0.0008509034236901355,0.03133001198835893
6.09,0.004,0.0045936424341599825,0.0009415370419360496,0.031072831959492408
6.1000000000000005,0.004,0.004689316985062725,0.0010268206588930375,0.030812609627437308
6.11,0.004,0.004780429021099659,0.0011062696760372633,0.03055077519672915
6.12,0.004,0.004866057749717036,0.001179432648204929,0.03028822630814554
6.13,0.004,0.004945417556729936,0.0012458938487937183,0.030025655133561185
6.140000000000001,0.004,0.005017812916215865,0.0013052756320042916,0.029763692761149315
6.15,0.004,0.005082623435281127,0.001357240578699031,0.0295029782061466
6.16,0.004,0.005139302339241307,0.0014014934136849188,0.029244188581081243
6.17,0.004,0.0051873815683557796,0.0014377826835260635,0.02898804607488419
6.18,0.004,0.0052264797807729,0.0014659021853522896,0.02873531074258124
6.19,0.004,0.005256310068561945,0.0014856921385449774,0.028486767145603772
6.2,0.004,0.005276684038486688,0.0014970400926424075,0.02824321322430096
6.21,0.004,0.005287509474306943,0.001499881566305724,0.028005458575148037
6.22,0.004,0.005288780944345046,0.0014942004137147588,0.027774334603595352
6.23,0.004,0.005280565780011459,0.0014800289163118014,0.027550712219316494
6.24,0.004,0.005262989691720924,0.0014574475993720103,0.027335518461125054
6.25,0.004,0.005236225487718463,0.0014265847744427305,0.027129744926742857
6.26,0.004,0.005200486195704282,0.001387615810251688,0.026934445459247735
6.2700000000000005,0.004,0.005156021942792325,0.0013407621362268934,0.02675072478596122
6.28,0.004,0.005103118709917945,0.001286289984290477,0.02657972250209989
6.29,0.004,0.005042097953568069,0.0012245088760757757,0.026422594917084163
6.3,0.004,0.0049733157754279275,0.0011557698641636851,0.026280497924910613
6.3100000000000005,0.004,0.004897161991381556,0.0010804635373318563,0.02615457040907037
6.32,0.004,0.004814058511022463,0.000999017801151375,0.026045919655081996
6.33,0.004,0.004724457185463289,0.0009118954465419074,0.025955608559105916
6.34,0.004,0.004628837623785181,0.0008195915201014049,0.025884643684778882
6.3500000000000005,0.004,0.004527704261957109,0.0007226305111525676,0.025833965745002192
6.36,0.004,0.004421583875089145,0.0006215633714899228,0.025804440029908834
6.37,0.004,0.004311022430302403,0.0005169643847617744,0.025796849135214642
6.38,0.004,0.004196582426715037,0.0004094279032759895,0.02581188556382266
6.390000000000001,0.004,0.004078840360546952,0.0002995649707716047,0.025850144961589324
6.4,0.004,0.003958384496406716,0.00018799985034645287,0.025912119564862463
6.41,0.004,0.0038358133016815135,7.536647726965316e-05,0.025998191060221183
6.42,0.004,0.003711734675609391,-3.769514316500502e-05,0.026108622518991317
6.43,0.004,0.003586766041740486,-0.0001505425722768188,0.026243549175710486
6.44,0.004,0.0034615353643445315,-0.0002625345884629181,0.02640296784006321
6.45,0.004,0.0033366833746888746,-0.00037303483074728385,0.0265867244053648
6.46,0.004,0.0032128651936657576,-0.00048141541471081355,0.026794502657052684
6.47,0.004,0.0030907534916317153,-0.0005870605002558008,0.027025811173044034
6.48,0.004,0.002971039397980989,-0.0006893697909322358,0.027279973939887785
6.49,0.004,0.0028544337132516925,-0.0007877619449419454,0.027556122750720027
6.5,0.004,0.0027416652519049317,-0.0008816778784387096,0.02785319374062507
6.51,0.004,0.0026334783748461995,-0.0009705839423541646,0.028169928681165073
6.5200000000000005,0.004,0.002530627249498634,-0.0010539749546982773,0.028504881351275203
6.53,0.004,0.0024338689962491366,-0.0011313770711041575,0.02885642939081565
6.54,0.004,0.002343952801786943,-0.0012023504773063147,0.029222793075320115
6.55,0.004,0.0022616076136122293,-0.0012664918882530215,0.029602060398772573
6.5600000000000005,0.004,0.0021875242765355242,-0.0013234368396524325,0.02999222365931535
6.57,0.004,0.0021223328957882823,-0.0013728617589313773,0.03039122886588553
6.58,0.004,0.0020665735078240857,-0.001414485803839297,0.030797041600840576
6.59,0.004,0.002020661095293107,-0.0014480724582499101,0.03120772773089052
6.6000000000000005,0.004,0.0019848537670903396,-0.001473430876093034,0.031621530249733
6.61,0.004,0.001959241941513184,-0.001490416965780013,0.03203690294877538
6.62,0.004,0.0019437740559136907,-0.001498934208960884,0.03245246562981928
6.63,0.004,0.0019383115365646548,-0.001498934208960884,0.03286689504945361
6.640000000000001,0.004,0.0019426823669438785,-0.001490416965780012,0.03327881787215637
6.65,0.004,0.0019567095352266816,-0.0014734308760930325,0.033686758202326715
6.66,0.004,0.00198021484911916,-0.0014480724582499104,0.0340891398238914
6.67,0.004,0.0020130112984873883,-0.001414485803839297,0.03448431476220515
6.68,0.004,0.0020548941840580104,-0.0013728617589313776,0.03487059569226405
6.69,0.004,0.0021056355191423023,-0.0013234368396524278,0.035246281771881924
6.7,0.004,0.002164982041095302,-0.0012664918882530217,0.035609676673997136
6.71,0.004,0.0022326562168717896,-0.001202350477306315,0.03595909978987682
6.72,0.004,0.0023083595751193556,-0.0011313770711041578,0.03629289181196942
6.73,0.004,0.002391777952231996,-0.0010539749546982706,0.03660941542452684
6.74,0.004,0.0024825883718043577,-0.0009705839423541643,0.036907051568302957
6.75,0.004,0.0025804672440485877,-0.0008816778784387101,0.03718419183273912
6.76,0.004,0.002685099325992335,-0.0007877619449419464,0.0374392282817923
6.7700000000000005,0.004,0.0027961853055737595,-0.000689369790932228,0.03767054403340944
6.78,0.004,0.0029134462252599085,-0.0005870605002558013,0.03787651222975893
6.79,0.004,0.0030366201647622237,-0.00048141541471081475,0.03805550789691772
6.8,0.004,0.0031654482684387824,-0.00037303483074728434,0.03820594492605924
6.8100000000000005,0.004,0.003299651693655515,-0.00026253458846290875,0.03832633171535384
6.82,0.004,0.0034389032712083835,-0.00015054257227682,0.03841534047265628
6.83,0.004,0.0035828007208293104,-3.769514316500558e-05,0.038471872233782185
6.84,0.004,0.003730848471256842,7.536647726965194e-05,0.03849510568864003
6.8500000000000005,0.004,0.0038824469939363125,0.00018799985034646157,0.03848452904100639
6.86,0.004,0.004036891777914113,0.00029956497077161397,0.03843995227216496
6.87,0.004,0.004193376053220401,0.0004094279032759883,0.03836151125746751
6.88,0.004,0.0043510004409154715,0.0005169643847617744,0.038249657828614426
6.890000000000001,0.004,0.004508779503027208,0.000621563371489932,0.03810515664768291
6.9,0.004,0.004665658977118741,0.0007226305111525758,0.03792906023914712
6.91,0.004,0.004820524375970923,0.000819591520101405,0.03772270186111865
6.92,0.004,0.004972217910084881,0.0009118954465419069,0.03748767266167682
6.93,0.004,0.005119552336768067,0.000999017801151375,0.03722580310951632
6.94,0.004,0.005261326422433084,0.0010804635373318635,0.036939143037205927
6.95,0.004,0.005396340829817514,0.0011557698641636847,0.03662993834967161
6.96,0.004,0.005523412617816327,0.0012245088760757757,0.03630061165289819
6.97,0.004,0.005641391036586396,0.0012862899842904767,0.03595373762720076
6.98,0.004,0.005749171737615177,0.0013407621362268977,0.03559202155185012
6.99,0.004,0.005845710634309059,0.001387615810251688,0.035218276291081416
7.0,0.004,0.005930037559972194,0.0014265847744427303,0.03483539820311032
7.01,0.004,0.006001268514005613,0.00145744759937201,0.03444634412741475
7.0200000000000005,0.004,0.006058619915722796,0.0014800289163118027,0.034054101213372066
7.03,0.004,0.006101429168106988,0.0014942004137147588,0.03366164090854813
7.04,0.004,0.00612920591659279,0.001499881566305724,0.033271801466337333
7.05,0.004,0.0061417990960475465,0.0014970400926424075,0.03288691019842259
7.0600000000000005,0.004,0.006139810285422517,0.001485692138544976,0.03250784853564026
7.07,0.004,0.00612484445384862,0.0014659021853522893,0.03213344448199104
7.08,0.004,0.0060987159867411855,0.0014377826835260642,0.03176215596617888
7.09,0.004,0.006062640440581769,0.001401493413684919,0.03139383417084279
7.1000000000000005,0.004,0.006017296860694126,0.0013572405786990266,0.031029597421153795
7.11,0.004,0.005963105992595022,0.0013052756320042875,0.030671214420546055
7.12,0.004,0.00590039421324424,0.0012458938487937188,0.030320723422760952
7.13,0.004,0.0058294633756820445,0.0011794326482049292,0.02998025330945575
7.140000000000001,0.004,0.005750615750451431,0.0011062696760372576,0.02965194420102085
7.15,0.004,0.005664159153512587,0.0010268206588930308,0.029337914622999804
7.16,0.004,0.005570403423934763,0.0009415370419360496,0.029040251192243117
7.17,0.004,0.005469653048963548,0.0008509034236901349,0.028761010194713
7.18,0.004,0.005362198825052219,0.0007554348024536452,0.02850222454346386
7.19,0.004,0.00524831147287798,0.0006556736499763955,0.02826590942447975
7.2,0.004,0.005128240600986159,0.0005521868290270144,0.028054056972510365
7.21,0.004,0.005002224243822363,0.00044556237236555396,0.027868612427130648
7.22,0.004,0.0048705079157261915,0.0003364061414240751,0.027711427375474145
7.23,0.004,0.00473337283235247,0.0002253383836811301,0.027584194038429558
7.24,0.004,0.004591164503907592,0.00011299020829189794,0.027488378738687747
7.25,0.004,0.004444315675201778,5.510910596163089e-19,0.027425165436894612
7.26,0.004,0.004293361271166863,-0.00011299020829189683,0.027395417705961614
7.2700000000000005,0.004,0.004138942886905554,-0.00022533838368113954,0.027399661154398076
7.28,0.004,0.003981808920120252,-0.00033640614142407403,0.02743807600267779
7.29,0.004,0.0038228068532038437,-0.000445562372365553,0.027510505154174743
7.3,0.004,0.003662877246775738,-0.0005521868290270135,0.02761645809584597
7.3100000000000005,0.004,0.0035030388904652965,-0.000655673649976404,0.027755133246769655
7.32,0.004,0.0033443801212671414,-0.0007554348024536443,0.027925426255093606
7.33,0.004,0.003188042220726255,-0.0008509034236901339,0.02812595412556237
7.34,0.004,0.003035206503964107,-0.0009415370419360487,0.028355072554484845
7.3500000000000005,0.004,0.0028870785333259858,-0.0010268206588930377,0.028610897315444816
7.36,0.004,0.0027448730379515188,-0.0011062696760372622,0.028891326199435304
7.37,0.004,0.0026097979764719372,-0.0011794326482049285,0.029194061672165712
7.38,0.004,0.0024830396674340315,-0.0012458938487937181,0.02951663321254786
7.390000000000001,0.004,0.00236574723739349,-0.001305275632004291,0.02985642119626995
7.4,0.004,0.002259018851401515,-0.0013572405786990308,0.0302106789451825
7.41,0.004,0.002163887140727126,-0.0014014934136849185,0.03057655786225583
7.42,0.004,0.0020813070325883,-0.0014377826835260637,0.030951129045474583
7.43,0.004,0.002012142608792421,-0.0014659021853522893,0.03133140961802333
7.44,0.004,0.001957154017316685,-0.0014856921385449774,0.03171439065860082
7.45,0.004,0.0019169774778418928,-0.0014970400926424075,0.032097083336338754
7.46,0.004,0.001892071357073063,-0.001499881566305724,0.032476643090061
7.47,0.004,0.0018825385866835865,-0.001494200413714759,0.032850771529144916
7.48,0.004,0.0018876804418957545,-0.0014800289163118012,0.03321872593165989
7.49,0.004,0.0019057628804954997,-0.0014574475993720107,0.033581893230650535
7.5,0.004,0.0019349096206092169,-0.0014265847744427307,0.03394189022195222
7.51,0.004,0.0019739013857450172,-0.0013876158102516878,0.034298816768776816
7.5200000000000005,0.004,0.0020220612722660586,-0.001340762136226894,0.03465149594542569
7.53,0.004,0.0020789642229132985,-0.0012862899842904774,0.03499811911913622
7.54,0.004,0.002144275500829327,-0.0012245088760757755,0.03533662267021065
7.55,0.004,0.002217683145138454,-0.0011557698641636864,0.03566486253933685
7.5600000000000005,0.004,0.0022988746224459557,-0.001080463537331857,0.035980690403162235
7.57,0.004,0.0023875322275923924,-0.000999017801151375,0.03628198541708441
7.58,0.004,0.002483336718056625,-0.0009118954465419089,0.036566664195389315
7.59,0.004,0.0025859745684321525,-0.0008195915201014059,0.03683267935184008
7.6000000000000005,0.004,0.0026951459671561203,-0.0007226305111525675,0.03707801301296904
7.61,0.004,0.002810570439251006,-0.0006215633714899245,0.037300673035075775
7.62,0.004,0.0029319864589386815,-0.0005169643847617755,0.037498700057538824
7.63,0.004,0.003059142075921583,-0.00040942790327598935,0.037670192210210646
7.640000000000001,0.004,0.0031917743474187453,-0.00029956497077160594,0.03781335469785891
7.65,0.004,0.003329582625013212,-0.00018799985034645338,0.03792656118957161
7.66,0.004,0.0034722010091543356,-7.536647726965305e-05,0.03800841957063153
7.67,0.004,0.0036191761117493546,3.76951431650058e-05,0.0380578249196421
7.68,0.004,0.0037699548192579517,0.00015054257227681758,0.03807399316699877
7.69,0.004,0.003923878521940329,0.0002625345884629182,0.0380564798476703
7.7,0.004,0.004080186225451241,0.00037303483074728456,0.038005181241669836
7.71,0.004,0.004238018648254278,0.0004814154147108124,0.037920333521279936
7.72,0.004,0.00439643040839207,0.0005870605002558004,0.03780249507549061
7.73,0.004,0.004554396510449391,0.0006893697909322366,0.03765254240033372
7.74,0.004,0.004710829973547551,0.0007877619449419445,0.037471642611415924
7.75,0.004,0.004864593056205671,0.000881677878438709,0.03726123824531747
7.76,0.004,0.005014510797623012,0.0009705839423541646,0.03702303186790996
7.7700000000000005,0.004,0.005159388529954678,0.0010539749546982764,0.03675895737343413
7.78,0.004,0.005298024826996741,0.001131377071104157,0.03647116416853468
7.79,0.004,0.005429229156702527,0.0012023504773063152,0.036161988905396195
7.8,0.004,0.005551835020809927,0.0012664918882530204,0.035833937563645724
7.8100000000000005,0.004,0.005664716377686224,0.0013234368396524323,0.03548965809049634
7.82,0.004,0.005766800880495482,0.0013728617589313776,0.03513191960600211
7.83,0.004,0.005857083900518751,0.0014144858038392964,0.03476358748264862
7.84,0.004,0.005934641432941527,0.0014480724582499101,0.0343875994278856
7.8500000000000005,0.004,0.005998642475015552,0.0014734308760930342,0.0340069405613077
7.86,0.004,0.006048364306943426,0.0014904169657800129,0.03362460934339648
7.87,0.004,0.006083219715402148,0.001498934208960884,0.033243555216015214
7.88,0.004,0.0061028364811960105,0.001498934208960884,0.03286649656022559
7.890000000000001,0.004,0.006107312971059496,0.0014904169657800122,0.032495343614307795
7.9,0.004,0.0060976901616341984,0.0014734308760930325,0.032130123245505765
7.91,0.004,0.006075839639015002,0.0014480724582499106,0.03176915856273422
7.92,0.004,0.006043420738736359,0.001414485803839297,0.03141131373434511
7.930000000000001,0.004,0.006001427807998769,0.001372861758931374,0.03105699241811742
7.94,0.004,0.0059504271757236105,0.0013234368396524282,0.030707623796386856
7.95,0.004,0.005890803486026048,0.0012664918882530215,0.030365108438041785
7.96,0.004,0.0058228816064227985,0.001202350477306316,0.030031526596475712
7.97,0.004,0.005746974956476596,0.0011313770711041582,0.0297090062093354
7.98,0.004,0.005663401037961879,0.0010539749546982701,0.02939966503289839
7.99,0.004,0.005572482696608746,0.0009705839423541659,0.02910558751820332
8.0,0.004,0.005474543050866369,0.0008816778784387104,0.028828819181360626
8.01,0.004,0.0053698978732177076,0.0007877619449419458,0.028571369975357405
8.02,0.004,0.005258847793950791,0.000689369790932238,0.02833522081506627
8.03,0.004,0.005141673963063539,0.0005870605002558116,0.02812232607385859
8.040000000000001,0.004,0.005018639947415854,0.0004814154147108064,0.027934602308380758
8.05,0.004,0.004890004142835983,0.00037303483074727583,0.02777389866306777
8.06,0.004,0.004756041176623911,0.0002625345884629093,0.027641944213943656
8.07,0.004,0.004617070027585852,0.00015054257227681923,0.027540284044388248
8.08,0.004,0.0044734797096601,3.7695143165007455e-05,0.027470217300313977
8.09,0.004,0.004325749775829063,-7.53664772696514e-05,0.027432747261871386
8.1,0.004,0.00417446068629265,-0.00018799985034645178,0.027428552360453853
8.11,0.004,0.004020297092785513,-0.0002995649707716043,0.02745797178741467
8.120000000000001,0.004,0.0038640448877302037,-0.00040942790327599797,0.027521004605619973
8.13,0.004,0.003706584535864046,-0.0005169643847617839,0.02761731530154558
8.14,0.004,0.0035488802463515454,-0.0006215633714899327,0.02774624897179271
8.15,0.004,0.003391971196086973,-0.0007226305111525778,0.027906839497208766
8.16,0.004,0.0032369545302443114,-0.0008195915201014023,0.028097837024046522
8.17,0.004,0.0030849756105478976,-0.0009118954465419056,0.02831771732781503
8.18,0.004,0.002937210041642794,-0.0009990178011513736,0.02856470980192024
8.19,0.004,0.002794851173997011,-0.0010804635373318557,0.028836813454389605
8.2,0.004,0.002659092403321705,-0.0011557698641636786,0.029131824075819195
8.21,0.004,0.0025311139638726867,-0.0012245088760757825,0.02944735264771134
8.22,0.004,0.002412066101464076,-0.0012862899842904804,0.029780852153507308
8.23,0.004,0.002303055922217868,-0.0013407621362268969,0.03012963770711889
8.24,0.004,0.002205132086537868,-0.0013876158102516874,0.030490912992535896
8.25,0.004,0.002119272499996183,-0.00142658477444273,0.030861791395579208
8.26,0.004,0.002046370902960138,-0.0014574475993720103,0.031239322142856664
8.27,0.004,0.0019872240198180497,-0.0014800289163118014,0.03162051682781353
8.28,0.004,0.001942514530995189,-0.0014942004137147582,0.0320023877860559
8.290000000000001,0.004,0.001912772964332956,-0.0014998815663057243,0.03238203609130239
8.3,0.004,0.0018982591235372076,-0.001497040092642407,0.03275692073280402
8.31,0.004,0.0018986198007753946,-0.001485692138544976,0.033125631886853385
8.32,0.004,0.0019124818297366361,-0.0014659021853522896,0.03348883318532874
8.33,0.004,0.0019379462261024565,-0.0014377826835260635,0.03384824286897026
8.34,0.004,0.0019735830835995913,-0.0014014934136849183,0.03420447610564724
8.35,0.004,0.0020185745987858546,-0.0013572405786990325,0.03455672069631788
8.36,0.004,0.0020724338344641187,-0.0013052756320042931,0.034903354773812297
8.370000000000001,0.004,0.002134803382576541,-0.0012458938487937131,0.0352424068295794
8.38,0.004,0.002205364151058999,-0.001179432648204923,0.035571781177638206
8.39,0.004,0.00228380079123117,-0.0011062696760372561,0.035889359221399846
8.4,0.004,0.0023697921819996423,-0.001026820658893029,0.036193042993945095
8.41,0.004,0.002463012767846139,-0.0009415370419360521,0.036480771369001457
8.42,0.004,0.0025631387340212817,-0.0008509034236901376,0.03675052216317625
8.43,0.004,0.002669855875534163,-0.0007554348024536457,0.037000307136558205
8.44,0.004,0.002782866796391925,-0.0006556736499764054,0.03722816606080285
8.45,0.004,0.0029018936737069127,-0.0005521868290270248,0.037432166957912134
8.46,0.004,0.0030266740038109663,-0.0004455623723655418,0.0376104218373866
8.47,0.004,0.0031569447452549125,-0.00033640614142406785,0.037761124163087495
8.48,0.004,0.003292419486188156,-0.0002253383836811333,0.03788260384590311
8.49,0.004,0.0034327595182038163,-0.00011299020829189849,0.03797339403094119
8.5,0.004,0.0035775497919796973,-1.1021821192326178e-18,0.03803228875018884
8.51,0.004,0.0037262813344167236,0.00011299020829189628,0.03805838760881439
8.52,0.004,0.0038783425187861394,0.0002253383836811311,0.038051120624458576
8.53,0.004,0.004033018796039918,0.00033640614142406574,0.03801025683942031
8.540000000000001,0.004,0.004189495525955165,0.00044556237236556003,0.0379359052932248
8.55,0.004,0.004346867390348742,0.0005521868290270228,0.037828503949539564
8.56,0.004,0.004504147589079807,0.0006556736499764035,0.0376888080865711
8.57,0.004,0.004660279266037101,0.0007554348024536439,0.037517876894806575
8.58,0.004,0.004814151308627177,0.0008509034236901358,0.037317048057626555
8.59,0.004,0.00496460883047208,0.0009415370419360504,0.0370879278446648
8.6,0.004,0.005110471514720149,0.0010268206588930277,0.03683236138877992
8.61,0.004,0.005250545735709079,0.0011062696760372546,0.0365524181436032
8.620000000000001,0.004,0.00538364278357592,0.0011794326482049348,0.0362503628219926
8.63,0.004,0.005508591528487819,0.0012458938487937238,0.0359286384144885
8.64,0.004,0.005624255523425783,0.0013052756320042918,0.0355898379762477
8.65,0.004,0.005729545803246206,0.0013572405786990316,0.03523668515646399
8.66,0.004,0.0058234359726888835,0.0014014934136849175,0.03487200750039687
8.67,0.004,0.005904974544724783,0.0014377826835260629,0.03449871471127825
8.68,0.004,0.005973298009342796,0.0014659021853522891,0.03411977267808203
8.69,0.004,0.006027644733986292,0.0014856921385449759,0.03373817369931929
8.700000000000001,0.004,0.006067375813266636,0.0014970400926424081,0.03335688905967386
8.71,0.004,0.00609202948125267,0.001499881566305724,0.032978743783758147
8.72,0.004,0.006101496474198454,0.0014942004137147584,0.03260601998071816
8.73,0.004,0.00609644309656404,0.0014800289163118018,0.032239498915139546
8.74,0.004,0.006078528003460086,0.0014574475993720107,0.03187792649063514
8.75,0.004,0.006049566394068771,0.001426584774442731,0.03151978954366666
8.76,0.004,0.006010759506607934,0.0013876158102516883,0.031164998358890122
8.77,0.004,0.005962784125383143,0.001340762136226898,0.030814700432569283
8.78,0.004,0.005906068672961112,0.0012862899842904817,0.030470667299373467
8.790000000000001,0.004,0.00584095173051215,0.0012245088760757714,0.030134925040456843
8.8,0.004,0.00576774943988245,0.00115576986416368,0.0298095805538766
8.81,0.004,0.005686779237719538,0.0010804635373318572,0.02949674484503049
8.82,0.004,0.005598364760753258,0.0009990178011513753,0.029198500746226472
8.83,0.004,0.005502832552009364,0.0009118954465419072,0.028916892185596524
8.84,0.004,0.005400505061133616,0.0008195915201014042,0.028653924992241817
8.85,0.004,0.005291692599911272,0.0007226305111525796,0.028411573135520646
8.86,0.004,0.005176687324693492,0.0006215633714899347,0.028191783528946465
8.870000000000001,0.004,0.005055762288718493,0.000516964384761766,0.027996470985319426
8.88,0.004,0.004929179023392597,0.0004094279032759797,0.027827497852395577
8.89,0.004,0.004797206290718293,0.00029956497077160383,0.02768662787488585
8.9,0.004,0.004660145196751669,0.00018799985034645132,0.027575468421291573
8.91,0.004,0.0045183570864484835,7.536647726965626e-05,0.027495404020779098
8.92,0.004,0.004372286471994536,-3.769514316500259e-05,0.02744754192904646
8.93,0.004,0.004222474722380624,-0.000150542572276817,0.0274326752149783
8.94,0.004,0.004069567129435822,-0.0002625345884629071,0.027451261440690423
8.950000000000001,0.004,0.003914310520432113,-0.00037303483074729437,0.02750341977107862
8.96,0.004,0.0037575499680360352,-0.0004814154147108245,0.027588930391978784
8.97,0.004,0.0036002170929006093,-0.0005870605002558072,0.027707250969769504
8.98,0.004,0.003443322761966691,-0.0006893697909322337,0.027857523012640464
8.99,0.004,0.0032879413769698845,-0.0007877619449419439,0.028038595347765198
9.0,-0.0025,0.0031351991085373137,-0.0008816778784387087,0.014067220491380887
9.01,-0.0025,0.0029852544177441176,-0.0009705839423541642,0.01391305316747719
9.02,-0.0025,0.0028348434405448303,-0.0010539749546982706,0.013803637844678815
9.03,-0.0025,0.002681141247963493,-0.0011313770711041515,0.013708497762303555
9.040000000000001,-0.0025,0.002522610441699601,-0.0012023504773063195,0.013604848351628476
9.05,-0.0025,0.002358729854927917,-0.001266491888253026,0.013476153268608801
9.06,-0.0025,0.002189765026137259,-0.0013234368396524319,0.013310879809238249
9.07,-0.0025,0.002016574608878216,-0.0013728617589313776,0.013101459702294623
9.08,-0.0025,0.001840447753814921,-0.001414485803839297,0.012843425471258186
9.09,-0.0025,0.001662968169312099,-0.0014480724582499108,0.012534696548193313
9.1,-0.0025,0.0014859011503891245,-0.0014734308760930316,0.012174992802285206
9.11,-0.0025,0.001311100372479886,-0.0014904169657800116,0.011765356185631477
9.120000000000001,-0.0025,0.0011404316841389503,-0.0014989342089608843,0.011307763847416412
9.13,-0.0025,0.0009757115106751653,-0.0014989342089608835,0.010804818372215948
9.14,-0.0025,0.0008186578143447428,-0.001490416965780012,0.010259502841868457
9.15,-0.0025,0.0006708518544565711,-0.001473430876093032,0.00967499029657638
9.16,-0.0025,0.0005337091518615598,-0.0014480724582499114,0.009054498199714989
9.17,-0.0025,0.0004084583558473591,-0.001414485803839298,0.00840118025843241
9.18,-0.0025,0.0002961268554784463,-0.0013728617589313784,0.0077180489504173845
9.19,-0.0025,0.00019753218798794673,-0.0013234368396524332,0.007007923274672993
9.200000000000001,-0.0025,0.00011327833016257242,-0.001266491888253016,0.006273397251623534
9.21,-0.0025,4.375605427895066e-05,-0.0012023504773063084,0.005516824152734896
9.22,-0.0025,-1.0853178788145014e-05,-0.0011313770711041534,0.004740313306047959
9.23,-0.0025,-5.05703308821969e-05,-0.0010539749546982725,0.003945737525264568
9.24,-0.0025,-7.560984356038466e-05,-0.0009705839423541662,0.00313474790990352
9.25,-0.0025,-8.636835704728724e-05,-0.0008816778784387109,0.0023087932746767405
9.26,-0.0025,-8.341177801291998e-05,-0.0007877619449419463,0.0014691444797231609
9.27,-0.0025,-6.746204306299125e-05,-0.0006893697909322362,0.0006169203832179972
9.28,-0.0025,-3.938132535255299e-05,-0.0005870605002558097,-0.000246885001186194
9.290000000000001,-0.0025,-1.5735240175473853e-07,-0.0004814154147108069,-0.0011213742412278394
9.3,-0.0025,4.911295076515856e-05,-0.00037303483074727637,-0.0020057203919138086
9.31,-0.0025,0.00010723873175530303,-0.00026253458846290983,-0.002899139074043664
9.32,-0.0025,0.0001729532972781679,-0.00015054257227681977,-0.003800864819584363
9.33,-0.0025,0.00024492601652624437,-3.769514316500534e-05,-0.004710125508499346
9.34,-0.0025,0.00032177954523344824,7.536647726965351e-05,-0.005626119244930805
9.35,-0.0025,0.00040210104729498426,0.00018799985034644856,-0.006547990625826353
9.36,-0.0025,0.0004844568261111829,0.0002995649707716011,-0.00747481197488106
9.370000000000001,-0.0025,0.00056740705542342,0.0004094279032759975,-0.008405571790902608
9.38,-0.0025,0.00064952479196927,0.0005169643847617834,-0.009339176049737594
9.39,-0.0025,0.0007294179119880245,0.0006215633714899322,-0.010274458774229693
9.4,-0.0025,0.0008057471419294758,0.0007226305111525772,-0.011210191604067983
9.41,-0.0025,0.0008772386535788952,0.0008195915201014019,-0.012145083138196457
9.42,-0.0025,0.000942688500140721,0.0009118954465419051,-0.013077766353552966
9.43,-0.0025,0.0010009634540534326,0.0009990178011513734,-0.014006781520658151
9.44,-0.0025,0.0010510024142143938,0.0010804635373318553,-0.01493056377558349
9.450000000000001,-0.0025,0.0010918200550243506,0.0011557698641636916,-0.015847439891512313
9.46,-0.0025,0.001122513003640996,0.001224508876075782,-0.0167556340739534
9.47,-0.0025,0.0011422670614387909,0.0012862899842904804,-0.017653279799069284
9.48,-0.0025,0.0011503637118054795,0.0013407621362268964,-0.018538433716549063
9.49,-0.0025,0.0011461853948583028,0.0013876158102516872,-0.01940908993045367
9.5,-0.0025,0.0011292193591208827,0.00142658477444273,-0.020263194521783733
9.51,-0.0025,0.0010990601332657266,0.00145744759937201,-0.021098659575580825
9.52,-0.0025,0.0010554109536548843,0.0014800289163118012,-0.0219133773303205
9.53,-0.0025,0.000998084149907262,0.0014942004137147582,-0.022705234864736055
9.540000000000001,-0.0025,0.0009270007914513325,0.0014998815663057243,-0.02347212886766291
9.55,-0.0025,0.0008421896351752801,0.001497040092642407,-0.02421198031422745
9.56,-0.0025,0.0007437849955257321,0.0014856921385449763,-0.02492274994411641
9.57,-0.0025,0.0006320246064814843,0.0014659021853522898,-0.02560245298317087
9.58,-0.0025,0.0005072461978452955,0.0014377826835260635,-0.026249173992220997
9.59,-0.0025,0.0003698837797501605,0.0014014934136849183,-0.02686108185161902
9.6,-0.0025,0.00022046381459707996,0.0013572405786990327,-0.027436443342149945
9.61,-0.0025,5.959961700350663e-05,0.0013052756320042931,-0.02797363750154211
9.620000000000001,-0.0025,-0.0001120125195726233,0.0012458938487937136,-0.028471168169937805
9.63,-0.0025,-0.00029360060928617797,0.0011794326482049233,-0.02892767666199724
9.64,-0.0025,-0.00048432081966372784,0.0011062696760372563,-0.02934195331571159
9.65,-0.0025,-0.0006832662050441706,0.0010268206588930297,-0.029712947866161066
9.66,-0.0025,-0.0008894702978702277,0.0009415370419360525,-0.030039779782432253
9.67,-0.0025,-0.0011019172844177224,0.000850903423690138,-0.03032174596688726
9.68,-0.0025,-0.0013195449922142834,0.0007554348024536462,-0.03055832961717307
9.69,-0.0025,-0.0015412562368125621,0.000655673649976406,-0.030749205177560655
9.700000000000001,-0.0025,-0.0017659219380986605,0.0005521868290270055,-0.030894244876061273
9.71,-0.0025,-0.00199239112457856,0.0004455623723655423,-0.030993522318426732
9.72,-0.0025,-0.002219498188068858,0.0003364061414240684,-0.03104731364132671
9.73,-0.0025,-0.0024460665895845246,0.00022533838368113385,-0.031056103267562234
9.74,-0.0025,-0.002670922311573982,0.00011299020829189903,-0.031020577590614024
9.75,-0.0025,-0.0028928943303283754,1.6532731788489268e-18,-0.030941630670228475
9.76,-0.0025,-0.0031108264626232623,-0.00011299020829189574,-0.030820356811162908
9.77,-0.0025,-0.0033235820171393176,-0.00022533838368113057,-0.030658049048714168
9.78,-0.0025,-0.0035300504429860297,-0.0003364061414240652,-0.03045619476805781
9.790000000000001,-0.0025,-0.0037291550659279997,-0.00044556237236555954,-0.03021646729990982
9.8,-0.0025,-0.0039198575381560906,-0.0005521868290270224,-0.02994072172936918
9.81,-0.0025,-0.004101165556690559,-0.000655673649976403,-0.02963098311869984
9.82,-0.0025,-0.004272136931218951,-0.0007554348024536434,-0.029289440149251562
9.83,-0.0025,-0.004431886179378172,-0.0008509034236901352,-0.02891843180369861
9.84,-0.0025,-0.00457958861396755,-0.0009415370419360499,-0.028520437923041132
9.85,-0.0025,-0.004714485719316278,-0.001026820658893027,-0.02809806496502922
9.86,-0.0025,-0.004835890194669504,-0.0011062696760372542,-0.027654030972514242
9.870000000000001,-0.0025,-0.004943193949870927,-0.0011794326482049344,-0.027191142553308446
9.88,-0.0025,-0.005035895717235328,-0.0012458938487937235,-0.026712226012763844
9.89,-0.0025,-0.005113708630812308,-0.0013052756320042916,-0.026219880237659112
9.9,-0.0025,-0.005176935305413646,-0.0013572405786990314,-0.025715630113203592
9.91,-0.0025,-0.005226973732869535,-0.0014014934136849172,-0.02519876325490162
9.92,-0.0025,-0.005265720218655825,-0.0014377826835260629,-0.024667568216580737
9.93,-0.0025,-0.005294403099588825,-0.001465902185352289,-0.0241218727138652
9.94,-0.0025,-0.005313508261097327,-0.0014856921385449759,-0.023563227651999585
9.950000000000001,-0.0025,-0.005323147681754521,-0.0014970400926424081,-0.022994103355414925
9.96,-0.0025,-0.005323294297879878,-0.001499881566305724,-0.022417359070326062
9.97,-0.0025,-0.005313884617713221,-0.0014942004137147584,-0.02183599575943681
9.98,-0.0025,-0.005294857313170253,-0.001480028916311802,-0.021253050213167538
9.99,-0.0025,-0.005266163290923223,-0.001457447599372011,-0.020671555167903775
10.0,-0.0025,-0.005227762501972437,-0.001426584774442731,-0.020094532567334077
10.01,-0.0025,-0.0051796136681864615,-0.0013876158102516885,-0.01952500625046207
10.02,-0.0025,-0.005121659585660889,-0.001340762136226898,-0.018966027813011037
10.03,-0.0025,-0.005053811421015109,-0.001286289984290482,-0.018420707858390693
10.040000000000001,-0.0025,-0.004975937283321674,-0.0012245088760757718,-0.0178922405254781
10.05,-0.0025,-0.004887864098192207,-0.0011557698641636801,-0.01738390063120455
10.06,-0.0025,-0.004789399651677763,-0.0010804635373318577,-0.01689899783247022
10.07,-0.0025,-0.0046803733730268115,-0.0009990178011513758,-0.016440788912237804
10.08,-0.0025,-0.004560684122143333,-0.0009118954465419076,-0.016012373286457122
10.09,-0.0025,-0.004430340739583123,-0.0008195915201014047,-0.015616602155105037
10.1,-0.0025,-0.004289488331909483,-0.0007226305111525802,-0.0152560173457661
10.11,-0.0025,-0.004138420898722477,-0.0006215633714899352,-0.014932818464359428
10.120000000000001,-0.0025,-0.0039775848657946575,-0.0005169643847617665,-0.014648847892781935
10.13,-0.0025,-0.0038075777037954923,-0.0004094279032759802,-0.014405585854952909
10.14,-0.0025,-0.0036291419032303796,-0.00029956497077160437,-0.014204152694358513
10.15,-0.0025,-0.0034431579861898148,-0.00018799985034645186,-0.014045312343290768
10.16,-0.0025,-0.00325063368599655,-7.53664772696568e-05,-0.013929481570326354
10.17,-0.0025,-0.003052693301417808,3.7695143165002034e-05,-0.01385673745120226
10.18,-0.0025,-0.002850563014224308,0.00015054257227681647,-0.013826831745453226
10.19,-0.0025,-0.002645559083611035,0.0002625345884629066,-0.013839198623289067
10.200000000000001,-0.0025,-0.0024390681757068223,0.0003730348307472938,-0.013892976459752696
10.21,-0.0025,-0.0022325360941963072,0.00048141541471082396,-0.013987014130642308
10.22,-0.0025,-0.0020274462967122767,0.0005870605002558066,-0.014119895302687289
10.23,-0.0025,-0.0018253071725786618,0.0006893697909322331,-0.014289948242624211
10.24,-0.0025,-0.0016276309705169838,0.0007877619449419434,-0.01449527006072069
10.25,-0.0025,-0.0014359204653700782,0.0008816778784387039,-0.014733739204128413
10.26,-0.0025,-0.0012516496420844673,0.0009705839423541637,-0.01500303896964604
10.27,-0.0025,-0.0010762501830173512,0.0010539749546982662,-0.015300672731543457
10.28,-0.0025,-0.000911094400698128,0.0011313770711041512,-0.015623987040612271
10.290000000000001,-0.0025,-0.0007574827293001349,0.0012023504773063193,-0.01597018839165622
10.3,-0.0025,-0.0006166294699136131,0.0012664918882530284,-0.016336365561058854
10.31,-0.0025,-0.0004896515556060633,0.0013234368396524319,-0.016719508433335268
10.32,-0.0025,-0.00037755778992107716,0.0013728617589313752,-0.017116528446911607
10.33,-0.0025,-0.00028123931148910797,0.0014144858038392968,-0.017524279589961625
10.34,-0.0025,-0.00020146162610075227,0.0014480724582499093,-0.017939578419813848
10.35,-0.0025,-0.00013885535181991677,0.0014734308760930325,-0.018359230642650572
10.36,-0.0025,-9.389245276600183e-05,0.0014904169657800114,-0.0187800922543728
10.370000000000001,-0.0025,-6.676490344048594e-05,0.001498934208960884,-0.01919934995282163
10.38,-0.0025,-5.681619240149875e-05,0.0014989342089608837,-0.019615798232180688
10.39,-0.0025,-6.168891731794956e-05,0.0014904169657800127,-0.02003178851508222
10.4,-0.0025,-7.856724088906193e-05,0.0014734308760930323,-0.02045060799101218
10.41,-0.0025,-0.00010581545747718165,0.0014480724582499114,-0.02087289402760565
10.42,-0.0025,-0.00014269394610361968,0.0014144858038392964,-0.021297223784277765
10.43,-0.0025,-0.0001888342155274638,0.0013728617589313789,-0.021721269188472517
10.44,-0.0025,-0.00024399993759284907,0.001323436839652431,-0.022142348488979686
10.450000000000001,-0.0025,-0.00030799892702874015,0.0012664918882530163,-0.022557651382703058
10.46,-0.0025,-0.00038065525575208995,0.001202350477306312,-0.022964328887628775
10.47,-0.0025,-0.0004618057766189671,0.0011313770711041502,-0.023359524749342653
10.48,-0.0025,-0.0005513064013510417,0.0010539749546982728,-0.023740379825314968
10.49,-0.0025,-0.0006490392451830555,0.0009705839423541627,-0.02410402844465314
10.5,-0.0025,-0.0007549161937848998,0.0008816778784387114,-0.024447600124393003
10.51,-0.0025,-0.0008688698129010366,0.0007877619449419513,-0.02476824424964527
10.52,-0.0025,-0.0009908308036340463,0.0006893697909322366,-0.02506318263461148
10.53,-0.0025,-0.001120694304063791,0.0005870605002558151,-0.025329786398557777
10.540000000000001,-0.0025,-0.0012582837695201791,0.00048141541471080244,-0.025565657940832192
10.55,-0.0025,-0.0014033222306056301,0.0003730348307472769,-0.025768697217993415
10.56,-0.0025,-0.0015554144952437464,0.00026253458846291563,-0.025937145893907276
10.57,-0.0025,-0.001714038817669344,0.00015054257227682032,-0.026069610264016257
10.58,-0.0025,-0.0018785468904477314,3.769514316501122e-05,-0.02616506810524777
10.59,-0.0025,-0.0020481673646711145,-7.536647726965295e-05,-0.026222868164937428
10.6,-0.0025,-0.0022220137935961763,-0.00018799985034644801,-0.02624272142700413
10.61,-0.0025,-0.002399093298840603,-0.00029956497077160584,-0.026224692423040583
10.620000000000001,-0.0025,-0.0025783195742274034,-0.000409427903275997,-0.02616918175365682
10.63,-0.0025,-0.0027585225289400274,-0.0005169643847617779,-0.026076917789410552
10.64,-0.0025,-0.0029384670470234634,-0.0006215633714899317,-0.025948929095922352
10.65,-0.0025,-0.003116862886070039,-0.0007226305111525721,-0.025786536746262866
10.66,-0.0025,-0.003292384285459498,-0.0008195915201014059,-0.025591326843892776
10.67,-0.0025,-0.003463682950328755,-0.0009118954465419046,-0.025365135811920764
10.68,-0.0025,-0.0036294067269947907,-0.0009990178011513768,-0.025110025081219445
10.69,-0.0025,-0.0037882138689539703,-0.0010804635373318548,-0.02482826276822523
10.700000000000001,-0.0025,-0.0039387902438870305,-0.001155769864163688,-0.024522299641223447
10.71,-0.0025,-0.004079863636253553,-0.0012245088760757818,-0.024194748788331475
10.72,-0.0025,-0.004210219555282289,-0.00128628998429048,-0.02384836125781789
10.73,-0.0025,-0.004328713991299835,-0.0013407621362268986,-0.023486006002886212
10.74,-0.0025,-0.004434287345710089,-0.001387615810251687,-0.023110645160614403
10.75,-0.0025,-0.00452597541187455,-0.0014265847744427314,-0.022725313713911927
10.76,-0.0025,-0.004602920697886205,-0.00145744759937201,-0.022333095479443274
10.77,-0.0025,-0.004664383184836587,-0.0014800289163118005,-0.021937097910441267
10.78,-0.0025,-0.004709756279416193,-0.0014942004137147582,-0.021540412815936865
10.790000000000001,-0.0025,-0.00473861467501713,-0.0014998815663057243,-0.02114600290987158
10.8,-0.0025,-0.004750928029244184,-0.0014970400926424066,-0.020756217904918033
10.81,-0.0025,-0.004747672154843257,-0.0014856921385449763,-0.020371416722646588
10.82,-0.0025,-0.004731116564499005,-0.0014659021853522909,-0.01998925607105544
10.83,-0.0025,-0.004703447631702107,-0.0014377826835260637,-0.019607641991303684
10.84,-0.0025,-0.004665908515895144,-0.0014014934136849205,-0.019226623167801826
10.85,-0.0025,-0.004619128527946025,-0.0013572405786990308,-0.018847685762653065
10.86,-0.0025,-0.004563483839719888,-0.0013052756320042936,-0.018472950760174547
10.870000000000001,-0.0025,-0.004499263839288759,-0.0012458938487937166,-0.018104782267046992
10.88,-0.0025,-0.004426733946050247,-0.0011794326482049236,-0.017745620537659393
10.89,-0.0025,-0.004346155168028897,-0.0011062696760372605,-0.017397912770527865
10.9,-0.0025,-0.004257785629770748,-0.0010268206588930299,-0.017064087852283534
10.91,-0.0025,-0.004161874514016126,-0.0009415370419360529,-0.01674655246180292
10.92,-0.0025,-0.004058653891279912,-0.0008509034236901342,-0.016447696071338346
10.93,-0.0025,-0.003948332405723064,-0.0007554348024536467,-0.016169894971389008
10.94,-0.0025,-0.0038310958042812445,-0.0006556736499764018,-0.015915505016619237
10.950000000000001,-0.0025,-0.0037071191008266925,-0.0005521868290270061,-0.015686830578737092
10.96,-0.0025,-0.0035765902865709,-0.000445562372365548,-0.01548606949074403
10.97,-0.0025,-0.0034397412312137093,-0.00033640614142406373,-0.015315241570381806
10.98,-0.0025,-0.0032968786850497726,-0.0002253383836811344,-0.015176117102318882
10.99,-0.0025,-0.0031484069868413485,-0.00011299020829189426,-0.015070162559189085
11.0,-0.0025,-0.002994841201768318,-2.2043642384652355e-18,-0.014998505749494066
11.01,-0.0025,-0.002836812045223844,0.00011299020829188987,-0.01496191933416642
11.02,-0.0025,-0.0026750629083766996,0.00022533838368113003,-0.014960819485445606
11.03,-0.0025,-0.002510445364033155,0.00033640614142405945,-0.01499526800194392
11.040000000000001,-0.0025,-0.002343907859924948,0.00044556237236556415,-0.015064987509690722
11.05,-0.0025,-0.0021764880530938647,0.0005521868290270218,-0.015169368366195838
11.06,-0.0025,-0.0020092967036127373,0.0006556736499763977,-0.01530749197556027
11.07,-0.0025,-0.0018435063212659374,0.0007554348024536428,-0.015478144897594632
11.08,-0.0025,-0.001680336206804758,0.0008509034236901305,-0.015679837422686627
11.09,-0.0025,-0.0015210366081595057,0.0009415370419360496,-0.015910826596061856
11.1,-0.0025,-0.0013668738061587385,0.0010268206588930268,-0.01616913509571589
11.11,-0.0025,-0.0012191135966975232,0.0011062696760372576,-0.016452575418450993
11.120000000000001,-0.0025,-0.001079006252336859,0.001179432648204934,-0.01675877026199408
11.13,-0.0025,-0.000947770777179643,0.0012458938487937203,-0.017085176478442918
11.14,-0.0025,-0.0008265799106299136,0.0013052756320042914,-0.0174291078737832
11.15,-0.0025,-0.0007165463890178461,0.0013572405786990288,-0.017787757358964207
11.16,-0.0025,-0.0006187088613406189,0.001401493413684919,-0.018158221530154155
11.17,-0.0025,-0.0005340201164284751,0.0014377826835260627,-0.01853752207355964
11.18,-0.0025,-0.00046333476298732255,0.00146590218535229,-0.018922631092297106
11.19,-0.0025,-0.00040739685255039126,0.0014856921385449759,-0.01931049860303228
11.200000000000001,-0.0025,-0.00036682046695438896,0.0014970400926424077,-0.01969809834397661
11.21,-0.0025,-0.0003420323397168635,0.001499881566305724,-0.020082560932066132
11.22,-0.0025,-0.0003330612652083452,0.0014942004137147584,-0.020461650091913412
11.23,-0.0025,-0.0003390079499681208,0.0014800289163118012,-0.02083496127562921
11.24,-0.0025,-0.0003578716134318119,0.0014574475993720112,-0.021204372937879735
11.25,-0.0025,-0.0003876904068493521,0.0014265847744427329,-0.021571604408199677
11.26,-0.0025,-0.00042728548898384084,0.0013876158102516887,-0.021936581626277877
11.27,-0.0025,-0.00047602451851502537,0.0013407621362269008,-0.022297943254214324
11.28,-0.0025,-0.0005335105677022424,0.0012862899842904822,-0.02265373382916225
11.290000000000001,-0.0025,-0.0005994277049006009,0.0012245088760757718,-0.023001767269913688
11.3,-0.0025,-0.0006734801917262066,0.0011557698641636773,-0.023339787796745226
11.31,-0.0025,-0.0007553726423064305,0.001080463537331858,-0.02366553877301281
11.32,-0.0025,-0.0008448075376336368,0.00099901780115138,-0.02397678965163296
11.33,-0.0025,-0.0009414902504418743,0.0009118954465419081,-0.024271342392246587
11.34,-0.0025,-0.0010451371139197643,0.0008195915201014096,-0.024547027591418677
11.35,-0.0025,-0.001155482682884452,0.0007226305111525759,-0.024801697978287563
11.36,-0.0025,-0.001272283579984068,0.0006215633714899357,-0.02503322921633515
11.370000000000001,-0.0025,-0.0013953129648591877,0.000516964384761772,-0.02523953511737672
11.38,-0.0025,-0.0015243450468737088,0.0004094279032759807,-0.02541860712313747
11.39,-0.0025,-0.0016591287306661417,0.0002995649707716101,-0.025568574728808535
11.4,-0.0025,-0.0017993585557871446,0.0001879998503464524,-0.025687773182721765
11.41,-0.0025,-0.0019446480702014764,7.536647726965736e-05,-0.02577480674685945
11.42,-0.0025,-0.0020945118161340664,-3.769514316500681e-05,-0.025828592863655866
11.43,-0.0025,-0.0022483572335788935,-0.00015054257227681592,-0.025848386992766443
11.44,-0.0025,-0.0024054823419375586,-0.0002625345884629113,-0.025833793883614765
11.450000000000001,-0.0025,-0.0025650816111684907,-0.0003730348307472933,-0.025784763162032712
11.46,-0.0025,-0.0027262512406292494,-0.0004814154147108184,-0.025701586047214387
11.47,-0.0025,-0.002888002321616305,-0.0005870605002558111,-0.02558487651283054
11.48,-0.0025,-0.003049269728020329,-0.0006893697909322327,-0.02543556169128109
11.49,-0.0025,-0.00320892738585197,-0.0007877619449419474,-0.025254860635342838
11.5,-0.0025,-0.0033658017765968037,-0.0008816778784387077,-0.025044265251618517
11.51,-0.0025,-0.00351868627048117,-0.0009705839423541592,-0.02480552232908467
11.52,-0.0025,-0.0036663574446589155,-0.0010539749546982697,-0.02454060892048107
11.53,-0.0025,-0.003807589652473544,-0.0011313770711041473,-0.024251713094863816
11.540000000000001,-0.0025,-0.0039411714502540236,-0.001202350477306322,-0.023941208650727377
11.55,-0.0025,-0.004065920083572549,-0.0012664918882530254,-0.023611634387604937
11.56,-0.0025,-0.004180696708388799,-0.0013234368396524288,-0.023265669535201677
11.57,-0.0025,-0.00428442059536837,-0.001372861758931377,-0.022906110671566053
11.58,-0.0025,-0.004376082154586112,-0.001414485803839295,-0.02253584907360246
11.59,-0.0025,-0.004454756173219734,-0.0014480724582499104,-0.022157845592747444
11.6,-0.0025,-0.004519613630175518,-0.0014734308760930314,-0.021775106858713852
11.61,-0.0025,-0.004569936223423419,-0.0014904169657800122,-0.021390652475844818
11.620000000000001,-0.0025,-0.004605143107650858,-0.0014989342089608841,-0.021007453088369817
11.63,-0.0025,-0.004624871191286854,-0.001498934208960884,-0.020628246460880136
11.64,-0.0025,-0.004629244534468786,-0.001490416965780012,-0.020254929140337993
11.65,-0.0025,-0.004619383203571039,-0.0014734308760930334,-0.0198873984462509
11.66,-0.0025,-0.004597261932464364,-0.0014480724582499104,-0.019523792634065958
11.67,-0.0025,-0.004564582599984496,-0.0014144858038392983,-0.019162921263035773
11.68,-0.0025,-0.00452233910510702,-0.001372861758931377,-0.018805227586609977
11.69,-0.0025,-0.004471089649223767,-0.0013234368396524338,-0.01845219756160611
11.700000000000001,-0.0025,-0.004411211795744038,-0.0012664918882530195,-0.018105785668661736
11.71,-0.0025,-0.00434302418441231,-0.001202350477306309,-0.01776812281028868
11.72,-0.0025,-0.004266833894710403,-0.001131377071104154,-0.01744138591290602
11.73,-0.0025,-0.004182951162957978,-0.0010539749546982695,-0.0171277416146355
11.74,-0.0025,-0.004091689991388686,-0.0009705839423541672,-0.016829324555235593
11.75,-0.0025,-0.003993362612838886,-0.0008816778784387074,-0.016548232887406773
11.76,-0.0025,-0.0038882716832388774,-0.0007877619449419473,-0.016286532429113557
11.77,-0.0025,-0.0037767026484703376,-0.0006893697909322418,-0.01604626297447168
11.78,-0.0025,-0.003658920516078117,-0.0005870605002558108,-0.015829438867166454
11.790000000000001,-0.0025,-0.003535173777813569,-0.00048141541471080797,-0.015638033826035177
11.8,-0.0025,-0.0034057096640201677,-0.0003730348307472723,-0.015473944876697543
11.81,-0.0025,-0.0032707977355550324,-0.0002625345884629109,-0.015338935754196118
11.82,-0.0025,-0.0031307592248323844,-0.00015054257227682614,-0.015234569396651146
11.83,-0.0025,-0.002985992165389769,-3.7695143165006445e-05,-0.015162148049103544
11.84,-0.0025,-0.0028369897734712895,7.536647726964709e-05,-0.015122667081781466
11.85,-0.0025,-0.002684349773282622,0.00018799985034645276,-0.015116788900798903
11.86,-0.0025,-0.0025287750800567577,0.00029956497077160004,-0.01514483366144069
11.870000000000001,-0.0025,-0.0023710713367334447,0.00040942790327599135,-0.01520677746171126
11.88,-0.0025,-0.0022121372848454045,0.0005169643847617823,-0.01530226418328669
11.89,-0.0025,-0.002052956918801772,0.0006215633714899264,-0.015430613804294023
11.9,-0.0025,-0.0018945858025300173,0.0007226305111525763,-0.015590841210769847
11.91,-0.0025,-0.0017381387233092968,0.0008195915201014009,-0.0157816733702477
11.92,-0.0025,-0.0015847758170041307,0.0009118954465419084,-0.016001566987429966
11.93,-0.0025,-0.0014356870898256059,0.0009990178011513725,-0.016248731670750364
11.94,-0.0025,-0.001292077856352673,0.0010804635373318583,-0.016521149240292292
11.950000000000001,-0.0025,-0.0011551526805245243,0.001155769864163691,-0.016816598114991792
11.96,-0.0025,-0.0010261005425960695,0.0012245088760757783,-0.0171326742981131
11.97,-0.0025,-0.0009060795344242124,0.0012862899842904826,-0.017466815445628184
11.98,-0.0025,-0.0007962020325299305,0.001340762136226896,-0.0178163242794999
11.99,-0.0025,-0.0006975212309404424,0.0013876158102516887,-0.018178390982184756
12.0,-0.0025,-0.0006110171830975242,0.0014265847744427294,-0.018550118379104075
12.01,-0.0025,-0.0005375848059717249,0.0014574475993720086,-0.018928544477625316
12.02,-0.0025,-0.0004780206574376377,0.0014800289163118012,-0.01931067045356369
12.030000000000001,-0.0025,-0.0004330059395096827,0.0014942004137147595,-0.019693498975732488
12.040000000000001,-0.0025,-0.00040307027694402896,0.0014998815663057243,-0.020074117825798755
12.05,-0.0025,-0.0003884716757152561,0.001497040092642407,-0.020449973142305927
12.06,-0.0025,-0.00038884770395873934,0.0014856921385449772,-0.020819656667274495
12.07,-0.0025,-0.0004027894077988432,0.00146590218535229,-0.02118389128806653
12.08,-0.0025,-0.0004283557458871677,0.0014377826835260655,-0.021544469318514253
12.09,-0.0025,-0.00046409784242782483,0.001401493413684919,-0.021902030250757987
12.1,-0.0025,-0.0005091949196941769,0.0013572405786990331,-0.022255751175608674
12.11,-0.0025,-0.0005631612624976437,0.0013052756320042912,-0.022603990220482206
12.120000000000001,-0.0025,-0.000625641495391139,0.001245893848793714,-0.022944754323573367
12.13,-0.0025,-0.0006963187893445702,0.0011794326482049272,-0.02327592629142608
12.14,-0.0025,-0.0007748804825706981,0.0011062696760372572,-0.023595365853562145
12.15,-0.0025,-0.0008610087015294881,0.0010268206588930342,-0.023900953019967773
12.16,-0.0025,-0.000954381903705592,0.0009415370419360492,-0.024190603865947007
12.17,-0.0025,-0.0010546812147160536,0.0008509034236901389,-0.02446227222540337
12.18,-0.0025,-0.0011615983297732899,0.0007554348024536425,-0.024713944513811852
12.19,-0.0025,-0.0012748426407433104,0.000655673649976407,-0.02494363379073267
12.200000000000001,-0.0025,-0.0013941434836741277,0.0005521868290270115,-0.025149381129497904
12.21,-0.0025,-0.001519244531801044,0.0004455623723655434,-0.025329273899985905
12.22,-0.0025,-0.0016498874555776373,0.0003364061414240695,-0.025481484350338365
12.23,-0.0025,-0.0017857873543337796,0.00022533838368112965,-0.02560432848148611
12.24,-0.0025,-0.0019266040732877007,0.00011299020829190013,-0.02569633195514749
12.25,-0.0025,-0.0020719184483695323,8.084525816282296e-18,-0.025756287690823196
12.26,-0.0025,-0.002221215153425911,-0.00011299020829189462,-0.025783298992925103
12.27,-0.0025,-0.0023738753709527565,-0.00022533838368112423,-0.025776801956421264
12.280000000000001,-0.0025,-0.0025291762743061405,-0.0003364061414240849,-0.02573657419414941
12.290000000000001,-0.0025,-0.002686295459982597,-0.00044556237236555846,-0.02566273264377655
12.3,-0.0025,-0.0028443188967811825,-0.0005521868290270263,-0.02555572564840228
12.31,-0.0025,-0.003002252561454591,-0.0006556736499764021,-0.02541631613650992
12.32,-0.0025,-0.0031590318371223117,-0.0007554348024536377,-0.025245572512224028
12.33,-0.0025,-0.0033135385867685604,-0.0008509034236901345,-0.02504484123450561
12.34,-0.0025,-0.0034646116254985026,-0.0009415370419360449,-0.02481573607773488
12.35,-0.0025,-0.0036110647216603003,-0.0010268206588930303,-0.024560110014936472
12.36,-0.0025,-0.003751699184693548,-0.0011062696760372535,-0.024280039292107904
12.370000000000001,-0.0025,-0.003885321740835825,-0.0011794326482049305,-0.02397779546073063
12.38,-0.0025,-0.004010757518461522,-0.001245893848793723,-0.023655827556389966
12.39,-0.0025,-0.004126866942180332,-0.0013052756320042886,-0.023316734489647797
12.4,-0.0025,-0.0042325586478334076,-0.001357240578699031,-0.02296324526699779
12.41,-0.0025,-0.004326804461915391,-0.0014014934136849168,-0.022598192565637262
12.42,-0.0025,-0.004408651763593867,-0.001437782683526064,-0.022224490887315224
12.43,-0.0025,-0.004477236432147075,-0.0014659021853522887,-0.021845110848133398
12.44,-0.0025,-0.004531796626224461,-0.0014856921385449765,-0.021463049584556023
12.450000000000001,-0.0025,-0.004571693352108211,-0.0014970400926424081,-0.02108128391571425
12.46,-0.0025,-0.004596464004647207,-0.001499881566305724,-0.020702646971080964
12.47,-0.0025,-0.004605997234620819,-0.0014942004137147582,-0.020329432600422886
12.48,-0.0025,-0.004600960304118361,-0.001480028916311802,-0.019962428035804114
12.49,-0.0025,-0.00458302647969008,-0.00145744759937201,-0.019600355627604076
12.5,-0.0025,-0.0045540305080858014,-0.0014265847744427314,-0.019241667430259235
12.51,-0.0025,-0.004515183789614005,-0.0013876158102516909,-0.018886259105313906
12.52,-0.0025,-0.004467166266533042,-0.0013407621362268986,-0.018535278849330518
12.530000000000001,-0.0025,-0.0044104068716460864,-0.0012862899842904744,-0.018190504750002365
12.540000000000001,-0.0025,-0.004345243786123434,-0.0012245088760757692,-0.017853971381136965
12.55,-0.0025,-0.0042719923257264905,-0.001155769864163681,-0.0175277948821299
12.56,-0.0025,-0.004190968799956743,-0.001080463537331862,-0.01721409587491083
12.57,-0.0025,-0.004102495398020603,-0.0009990178011513766,-0.01691496716642052
12.58,-0.0025,-0.004006896832720386,-0.0009118954465419127,-0.016632463131620312
12.59,-0.0025,-0.0039044932715502846,-0.0008195915201014056,-0.016368600674551724
12.6,-0.0025,-0.0037955923254082377,-0.0007226305111525811,-0.016125365525130417
12.61,-0.0025,-0.003680483050659952,-0.0006215633714899314,-0.015904716739678214
12.620000000000001,-0.0025,-0.003559435390981869,-0.0005169643847617676,-0.015708581441991682
12.63,-0.0025,-0.0034327081251273677,-0.0004094279032759863,-0.01553883305909801
12.64,-0.0025,-0.0033005681235705204,-0.00029956497077160546,-0.015397244634524035
12.65,-0.0025,-0.0031633159119282693,-0.00018799985034645823,-0.015285429782896022
12.66,-0.0025,-0.003021313502149049,-7.536647726965259e-05,-0.015204776481438009
12.67,-0.0025,-0.002875007178334009,3.7695143165000936e-05,-0.015156392871710998
12.68,-0.0025,-0.0027249408907662944,0.00015054257227682067,-0.015141071115231953
12.69,-0.0025,-0.002571762842819584,0.00026253458846290555,-0.015159266913200277
12.700000000000001,-0.0025,-0.002416223220261621,0.0003730348307472876,-0.015211096586062766
12.71,-0.0025,-0.0022591702531097294,0.000481415414710823,-0.015296337633788439
12.72,-0.0025,-0.0021015389648030413,0.0005870605002558057,-0.015414444507736361
12.73,-0.0025,-0.0019443433882195818,0.0006893697909322369,-0.015564555530575772
12.74,-0.0025,-0.0017886606822292775,0.0007877619449419424,-0.01574551741922367
12.75,-0.0025,-0.0016356206080208207,0.0008816778784387117,-0.015955897249398263
12.76,-0.0025,-0.0014863886897853687,0.0009705839423541628,-0.016194007584254155
12.77,-0.0025,-0.0013421532800288105,0.0010539749546982656,-0.01645792359092293
12.780000000000001,-0.0025,-0.001204108293705338,0.0011313770711041645,-0.01674550911835474
12.790000000000001,-0.0025,-0.0010734397653609476,0.0012023504773063186,-0.017054435374103012
12.8,-0.0025,-0.0009513089974185858,0.001266491888253028,-0.017382207532849983
12.81,-0.0025,-0.0008388392159396852,0.0013234368396524312,-0.017726184783218774
12.82,-0.0025,-0.0007371000929707381,0.0013728617589313747,-0.01808360665565658
12.83,-0.0025,-0.0006470950772138615,0.0014144858038392964,-0.018451614347825024
12.84,-0.0025,-0.0005697479933267329,0.0014480724582499088,-0.018827276057787015
12.85,-0.0025,-0.0005058903339843012,0.0014734308760930323,-0.0192076125454249
12.86,-0.0025,-0.00045624651554240184,0.0014904169657800114,-0.019589629476586053
12.870000000000001,-0.0025,-0.00042140652645707627,0.001498934208960884,-0.019970380685754886
12.88,-0.0025,-0.000401747010869259,0.0014989342089608837,-0.020347148098426
12.89,-0.0025,-0.0003971823473738056,0.0014904169657800127,-0.020718004318364777
12.9,-0.0025,-0.0004067010595981333,0.0014734308760930325,-0.02108286832072823
12.91,-0.0025,-0.000428458600908872,0.0014480724582499119,-0.021443367195755597
12.92,-0.0025,-0.00046079933207827814,0.0014144858038392968,-0.021800637473102135
12.93,-0.0025,-0.0005027225844160468,0.001372861758931379,-0.022154298410987247
12.94,-0.0025,-0.0005536568593750496,0.0013234368396524317,-0.02250294138076029
12.950000000000001,-0.0025,-0.0006132143561015815,0.0012664918882530167,-0.022844681740808614
12.96,-0.0025,-0.0006810681856428441,0.0012023504773063126,-0.023177452213136482
12.97,-0.0025,-0.0007569031499600734,0.0011313770711041508,-0.02349913672563649
12.98,-0.0025,-0.0008403999646329311,0.0010539749546982736,-0.023807628785380997
12.99,-0.0025,-0.0009312337269309004,0.0009705839423541636,-0.024100855218646168
13.0,-0.0025,-0.001029078835433411,0.0008816778784387123,-0.024376782185629876
13.01,-0.0025,-0.001133616591441554,0.0007877619449419523,-0.0246334120011906
13.02,-0.0025,-0.001244542992798012,0.0006893697909322376,-0.02486877644835879
13.030000000000001,-0.0025,-0.0013615734246339134,0.0005870605002557965,-0.0250809341719996
13.040000000000001,-0.0025,-0.0014844409507759925,0.0004814154147108034,-0.025267980790349726
13.05,-0.0025,-0.0016128850567696984,0.00037303483074727794,-0.025428076932623993
13.06,-0.0025,-0.0017466301687759907,0.0002625345884629167,-0.02555950038623956
13.07,-0.0025,-0.0018853583948937576,0.0001505425722768214,-0.025660708453524857
13.08,-0.0025,-0.0020286833170078495,3.769514316501233e-05,-0.025730401117009517
13.09,-0.0025,-0.002176129175810528,-7.536647726965186e-05,-0.025767571189088383
13.1,-0.0025,-0.0023271202901130536,-0.00018799985034644693,-0.025771534326320622
13.11,-0.0025,-0.0024809767376417443,-0.00029956497077160475,-0.02574194505458304
13.120000000000001,-0.0025,-0.0026369180971917493,-0.0004094279032759959,-0.025678796422917153
13.13,-0.0025,-0.00279406846304544,-0.0005169643847617769,-0.0255824175785635
13.14,-0.0025,-0.002951468628437344,-0.0006215633714899307,-0.025453455943104972
13.15,-0.0025,-0.00310808391044483,-0.000722630511152571,-0.025292870624631415
13.16,-0.0025,-0.003262820962376039,-0.0008195915201014049,-0.02510190599227454
13.17,-0.0025,-0.003414538292857254,-0.0009118954465419037,-0.024882079659138925
13.18,-0.0025,-0.0035620631311286594,-0.000999017801151376,-0.024635157684618377
13.19,-0.0025,-0.0037042049397761887,-0.0010804635373318542,-0.02436313577925343
13.200000000000001,-0.0025,-0.003839772121638489,-0.0011557698641636873,-0.024068214648069193
13.21,-0.0025,-0.003967586091488054,-0.0012245088760757812,-0.023752779374782037
13.22,-0.0025,-0.004086497418000074,-0.0012862899842904793,-0.023419374366305118
13.23,-0.0025,-0.004195399465184005,-0.0013407621362268982,-0.023070681943041946
13.24,-0.0025,-0.004293243466420824,-0.0013876158102516865,-0.022709496599916557
13.25,-0.0025,-0.004379050947703155,-0.0014265847744427279,-0.02233870355294338
13.26,-0.0025,-0.004451927248335863,-0.0014574475993720099,-0.02196125241934658
13.27,-0.0025,-0.004511074270839742,-0.0014800289163118003,-0.021580131036245318
13.280000000000001,-0.0025,-0.004555807571614662,-0.0014942004137147597,-0.02119832688434697
13.290000000000001,-0.0025,-0.004585594224480135,-0.0014998815663057243,-0.020818739821204878
13.3,-0.0025,-0.004600169727097785,-0.0014970400926424066,-0.020443916597783968
13.31,-0.0025,-0.004599876172554451,-0.0014856921385449765,-0.020075286912018604
13.32,-0.0025,-0.004586070902619743,-0.0014659021853522913,-0.01971221788614251
13.33,-0.0025,-0.004560647769963756,-0.0014377826835260642,-0.019352999224911707
13.34,-0.0025,-0.0045250420984881004,-0.001401493413684921,-0.018997000599414275
13.35,-0.0025,-0.004480077061502042,-0.0013572405786990312,-0.018645018970977444
13.36,-0.0025,-0.0044262425754095615,-0.001305275632004294,-0.018298666247821317
13.370000000000001,-0.0025,-0.004363897590682648,-0.0012458938487937175,-0.017959907351519297
13.38,-0.0025,-0.004293362128593651,-0.0011794326482049242,-0.017630833022980887
13.39,-0.0025,-0.004214952267954776,-0.0011062696760372613,-0.01731355765836207
13.4,-0.0025,-0.004128989858049374,-0.0010268206588930308,-0.017010175315658342
13.41,-0.0025,-0.004035801280350816,-0.0009415370419360537,-0.0167227432491684
13.42,-0.0025,-0.003935711330188688,-0.0008509034236901349,-0.01645327963970577
13.43,-0.0025,-0.003829035355692922,-0.0007554348024536475,-0.016203768512486144
13.44,-0.0025,-0.0037160720495784433,-0.0006556736499764026,-0.015976165703283952
13.450000000000001,-0.0025,-0.0035971005476883636,-0.0005521868290270072,-0.015772398740864578
13.46,-0.0025,-0.003472384487683204,-0.00044556237236554897,-0.015594351697818634
13.47,-0.0025,-0.003342187653028192,-0.0003364061414240648,-0.015443827938999975
13.48,-0.0025,-0.0032067965888781936,-0.00022533838368113548,-0.015322495813869378
13.49,-0.0025,-0.0030665494473547552,-0.00011299020829189536,-0.015231821870708394
13.5,-0.0025,-0.0029218602113474535,-3.3065463576978537e-18,-0.01517301294836758
13.51,-0.0025,-0.0027732362717125796,0.00011299020829188876,-0.015146971443194978
13.52,-0.0025,-0.0026212874977919612,0.00022533838368112894,-0.015154269749594633
13.530000000000001,-0.0025,-0.002466726440749939,0.00033640614142407913,-0.015195141854771934
13.540000000000001,-0.0025,-0.0023103658928914413,0.00044556237236556307,-0.015269481402292144
13.55,-0.0025,-0.002153108895924443,0.0005521868290270208,-0.015376854296687758
13.56,-0.0025,-0.0019959408732766965,0.0006556736499763968,-0.015516507050467684
13.57,-0.0025,-0.0018399158662057574,0.0007554348024536419,-0.015687385857219332
13.58,-0.0025,-0.0016861441744145124,0.0008509034236901296,-0.015888153849462818
13.59,-0.0025,-0.0015357782479593603,0.0009415370419360487,-0.016117209531531323
13.6,-0.0025,-0.00138999754564888,0.001026820658893026,-0.016372709392430445
13.61,-0.0025,-0.0012499936406655482,0.0011062696760372568,-0.016652588263914272
13.620000000000001,-0.0025,-0.0011169546792108226,0.0011794326482049333,-0.016954582908800392
13.63,-0.0025,-0.0009920502345692932,0.0012458938487937194,-0.017276254123960832
13.64,-0.0025,-0.0008764165383384705,0.001305275632004291,-0.017615010026872744
13.65,-0.0025,-0.0007711415292757241,0.0013572405786990284,-0.017968130304201205
13.66,-0.0025,-0.00067725174633001,0.0014014934136849185,-0.018332788225558103
13.67,-0.0025,-0.000595698444267385,0.0014377826835260622,-0.01870607629501067
13.68,-0.0025,-0.0005273454592283159,0.0014659021853522898,-0.01908502961298834
13.69,-0.0025,-0.0004729552382624689,0.0014856921385449757,-0.01946665606131372
13.700000000000001,-0.0025,-0.00043316763526083366,0.0014970400926424077,-0.01984798464528567
13.71,-0.0025,-0.00040844664574584766,0.001499881566305724,-0.020226187647446405
13.72,-0.0025,-0.0003989075868787149,0.0014942004137147586,-0.02059897209637923
13.73,-0.0025,-0.0004038965191459236,0.0014800289163118012,-0.02096553165039956
13.74,-0.0025,-0.0004217657162990995,0.0014574475993720114,-0.021327097818367467
13.75,-0.0025,-0.0004506972753134312,0.0014265847744427298,-0.021685190711159503
13.76,-0.0025,-0.0004894825826526187,0.0013876158102516891,-0.0220399174685837
13.77,-0.0025,-0.0005374401077145031,0.0013407621362269012,-0.02239014242709992
13.780000000000001,-0.0025,-0.0005941391629702387,0.0012862899842904717,-0.02273410038532432
13.790000000000001,-0.0025,-0.0006592400282879126,0.0012245088760757727,-0.023069768947278104
13.8,-0.0025,-0.0007324259863511233,0.001155769864163678,-0.023395043456261394
13.81,-0.0025,-0.0008133791597042764,0.0010804635373318587,-0.02370781466419668
13.82,-0.0025,-0.0009017754923318486,0.000999017801151381,-0.024006001285975805
13.83,-0.0025,-0.0009972880118548034,0.0009118954465419089,-0.024287560839912525
13.84,-0.0025,-0.0010995938310602608,0.0008195915201014106,-0.024550488883629523
13.85,-0.0025,-0.0012083820749076847,0.0007226305111525769,-0.024792812901423197
13.86,-0.0025,-0.0013233601528171808,0.0006215633714899367,-0.025012587575457174
13.870000000000001,-0.0025,-0.0014442545417230053,0.000516964384761773,-0.0252078990195474
13.88,-0.0025,-0.0015708035833873347,0.00040942790327598176,-0.02537688585905945
13.89,-0.0025,-0.0017027385927055852,0.0002995649707716112,-0.02551778421195061
13.9,-0.0025,-0.0018397590897816197,0.0001879998503464535,-0.02562898582164711
13.91,-0.0025,-0.0019815045038258797,7.536647726965846e-05,-0.025709104718616756
13.92,-0.0025,-0.0021275315606559733,-3.769514316500571e-05,-0.025757031236903077
13.93,-0.0025,-0.0022773001529681714,-0.00015054257227681484,-0.02577196982112174
13.94,-0.0025,-0.0024301663513055095,-0.0002625345884629102,-0.025753460095948585
13.950000000000001,-0.0025,-0.0025853846723992834,-0.00037303483074729225,-0.02570138013664349
13.96,-0.0025,-0.002742111344954527,-0.0004814154147108174,-0.025615946899013455
13.97,-0.0025,-0.002899415742200344,-0.00058706050025581,-0.025497700638911915
13.98,-0.0025,-0.0030562883991433793,-0.0006893697909322317,-0.02534749650768032
13.99,-0.0025,-0.0032116553652824444,-0.0007877619449419466,-0.02516648452620768
14.0,-0.0025,-0.0033643913278257045,0.0,-0.024956090602290627
14.01,-0.0025,-0.0034974510677234405,0.0001403796716522208,-0.024752979042927014
14.02,-0.0025,-0.0035937963522814243,0.00027858666379743,-0.02459525629378097
14.030000000000001,-0.0025,-0.003652863548647601,0.0004124950491113317,-0.02448557727425084
14.040000000000001,-0.0025,-0.0036748878943185024,0.0005400713499904723,-0.024425147052404766
14.05,-0.0025,-0.00366087940607336,0.000659418150722076,-0.024413869479810554
14.06,-0.0025,-0.003612580259787332,0.0007688146408590113,-0.024450491623794562
14.07,-0.0025,-0.003532713656808766,0.000866753175976235,-0.0245320712122621
14.08,-0.0025,-0.0034323912166764115,0.0009519710323111701,-0.02463759484802927
14.09,-0.0025,-0.0033216209873609395,0.0010234766407918481,-0.0247482830311125
14.1,-0.0025,-0.0032031798586592097,0.0010805697111586764,-0.02486135557119181
14.11,-0.0025,-0.003079715876050591,0.0011228547954471972,-0.024974569938342572
14.120000000000001,-0.0025,-0.0029540065917431162,0.0011502479888755627,-0.025085512089970147
14.13,-0.0025,-0.002828882966505416,0.0011629766217952807,-0.02519163716357247
14.14,-0.0025,-0.002707150915278539,0.001161571955285635,-0.025290328443929783
14.15,-0.0025,-0.002591515727692434,0.0011468550515941615,-0.025378967721009543
14.16,-0.0025,-0.0024845124627544367,0.0011199161453484573,-0.02545501017467667
14.17,-0.0025,-0.0023884414502710707,0.0010820879887766656,-0.02551606062307779
14.18,-0.0025,-0.0023053109821798683,0.0010349137807325907,-0.025559948874089543
14.19,-0.0025,-0.0022367890404306353,0.0009801104120275822,-0.025584800172989256
14.200000000000001,-0.0025,-0.002184164147525665,0.000919527865640591,-0.025589098348930275
14.21,-0.0025,-0.0021483161951049994,0.0008551056974035177,-0.02557173970989096
14.22,-0.0025,-0.00212969813410905,0.0007888275887660941,-0.025532076078986478
14.23,-0.0025,-0.0021283285328956643,0.0007226750067365892,-0.02546994545366922
14.24,-0.0025,-0.0021437946432321985,0.0006585810260837182,-0.025385690000470626
14.25,-0.0025,-0.0021752450103760673,0.0005983853649196698,-0.02528020729717018
14.26,-0.0025,-0.002220558682287225,0.0005437916569539655,-0.025156821717281914
14.27,-0.0025,-0.002272157762541696,0.0004963279326456696,-0.02503065010828619
14.280000000000001,-0.0025,-0.0023226792204568037,0.0004573112083468922,-0.02491648866109021
14.290000000000001,-0.0025,-0.0023692616606317426,0.0004278169889842875,-0.024819298720944755
14.3,-0.0025,-0.0024104604438096077,0.00040865437799105745,-0.024740866879523024
14.31,-0.0025,-0.0024452073035692626,0.00040034736061946247,-0.024682137469981467
14.32,-0.0025,-0.0024725595736978722,0.00040312268632858447,-0.024643840799367923
14.33,-0.0025,-0.002491646364772692,0.00041690462584320837,-0.024626682118252828
14.34,-0.0025,-0.002501676417402381,0.0004413167221241003,-0.02463138011922924
14.35,-0.0025,-0.002501966191825659,0.0004756904954274783,-0.02465864644836833
14.36,-0.0025,-0.00249197408677669,0.0005190809044730091,-0.02470913793108851
14.370000000000001,-0.0025,-0.0024713370341071937,0.0005702882120757148,-0.024783390780876085
14.38,-0.0025,-0.00243991415021501,0.0006278857579160919,-0.024881728198124564
14.39,-0.0025,-0.002397868513708931,0.00069025300673214,-0.025004073882776916
14.4,-0.0025,-0.0023459328044985257,0.0007556131201671086,-0.025149347620907262
14.41,-0.0025,-0.0022861388833714386,0.0008220741975242251,-0.025313812855938356
14.42,-0.0025,-0.002222121690881027,0.0008876732471015131,-0.025490305213450137
14.43,-0.0025,-0.0021575683011855733,0.0009504218875044548,-0.02567154051455183
14.44,-0.0025,-0.0020952709119045525,0.001008352738775584,-0.025852179153746997
14.450000000000001,-0.0025,-0.0020373890405149106,0.001059565447236823,-0.026028248255429105
14.46,-0.0025,-0.001985721740811113,0.0011022712959749405,-0.02619651465821155
14.47,-0.0025,-0.001941815426260108,0.001134835384731595,-0.02635420606113966
14.48,-0.0025,-0.0019070073832762595,0.0011558154178645625,-0.02649887296835248
14.49,-0.0025,-0.0018824589527968332,0.0011639962157814587,-0.02662827758568647
14.5,-0.0025,-0.0018691912591538818,0.0011584191620695652,-0.026740282569251192
14.51,-0.0025,-0.0018681172572457762,0.0011384059132589905,-0.02683275342816282
14.52,-0.0025,-0.0018800607278773925,0.0011035758281580524,-0.0269034953733009
14.530000000000001,-0.0025,-0.001905757870419618,0.0010538567160394722,-0.02695023449719091
14.540000000000001,-0.0025,-0.0019458426745529878,0.0009894886544037028,-0.02697064102049438
14.55,-0.0025,-0.0020008187041584166,0.0009110207841642841,-0.026962389041801364
14.56,-0.0025,-0.0020710159262071924,0.0008193011493246923,-0.02692325559864218
14.57,-0.0025,-0.002156518761984946,0.0007154598059322271,-0.02685129044755469
14.58,-0.0025,-0.0022570103236965434,0.0006008855777238008,-0.026745178787170826
14.59,-0.0025,-0.0023714370026289414,0.00047719697995673483,-0.02660501440994361
14.6,-0.0025,-0.0024976445756843876,0.000346207965175116,-0.026433162588898013
14.61,-0.0025,-0.002632711614525524,0.00020988926209756988,-0.026233610877665785
14.620000000000001,-0.0025,-0.0027737818406487116,7.032617876008316e-05,-0.026010199003734188
14.63,-0.0025,-0.0029183654156906286,-7.032617876010728e-05,-0.02576598318006493
14.64,-0.0025,-0.0030642578091284655,-0.00020988926209756923,-0.02550344147651239
14.65,-0.0025,-0.003209465735542857,-0.0003462079651751154,-0.02522467425939092
14.66,-0.0025,-0.003352190883474955,-0.0004771969799567342,-0.02493148139849568
14.67,-0.0025,-0.003490826270900213,-0.0006008855777238002,-0.024625409743976718
14.68,-0.0025,-0.0036239300613021717,-0.0007154598059322267,-0.02430784632785346
14.69,-0.0025,-0.003750169596405568,-0.0008193011493246916,-0.023980173602943987
14.700000000000001,-0.0025,-0.0038682565890411917,-0.0009110207841642986,-0.023643941599499764
14.71,-0.0025,-0.003976901256041234,-0.0009894886544037154,-0.023300995986524055
14.72,-0.0025,-0.004074797350867419,-0.0010538567160394822,-0.022953534335665486
14.73,-0.0025,-0.004160633722529892,-0.0011035758281580522,-0.02260409990598702
14.74,-0.0025,-0.004233122706941055,-0.00113840591325899,-0.022255532893554246
14.75,-0.0025,-0.0042910364654653345,-0.0011584191620695652,-0.0219108992826018
14.76,-0.0025,-0.004333247950545911,-0.0011639962157814591,-0.021573404201456696
14.77,-0.0025,-0.004358774082890603,-0.0011558154178645625,-0.021246295665968154
14.780000000000001,-0.0025,-0.004366823941405349,-0.0011348353847315906,-0.020932752449796622
14.790000000000001,-0.0025,-0.004356872652461638,-0.0011022712959749337,-0.020635709600070745
14.8,-0.0025,-0.004328914181819366,-0.0010595654472368157,-0.02035728284122385
14.81,-0.0025,-0.004284381393224968,-0.0010083527387755842,-0.020096700298897333
14.82,-0.0025,-0.004226916882462381,-0.0009504218875044556,-0.0198484944693497
14.83,-0.0025,-0.004160362438024989,-0.0008876732471015138,-0.01960678825716566
14.84,-0.0025,-0.004087321053033846,-0.0008220741975242259,-0.019368449064825363
14.85,-0.0025,-0.004009542925289378,-0.000755613120167109,-0.019132259607233637
14.86,-0.0025,-0.003928246775737527,-0.0006902530067321409,-0.018898195045583682
14.870000000000001,-0.0025,-0.0038442772467497865,-0.0006278857579160811,-0.01866704522558771
14.88,-0.0025,-0.0037582861697367624,-0.0005702882120757055,-0.018439981491785235
14.89,-0.0025,-0.0036709238658810387,-0.0005190809044730087,-0.018218096579960964
14.9,-0.0025,-0.0035829581211739266,-0.00047569049542747863,-0.01800210505753764
14.91,-0.0025,-0.003495309232295045,-0.0004413167221241003,-0.017792227350661015
14.92,-0.0025,-0.0034090393142507565,-0.0004169046258432085,-0.01758818227107321
14.93,-0.0025,-0.0033253240809924035,-0.00040312268632858447,-0.017389223199022516
14.94,-0.0025,-0.0032454140958893675,-0.00040034736061946247,-0.017194201623824127
14.950000000000001,-0.0025,-0.0031705954273830795,-0.00040865437799105994,-0.017001637609962386
14.96,-0.0025,-0.00310214407884198,-0.00042781698898429184,-0.016809806733419776
14.97,-0.0025,-0.003041281960801564,-0.0004573112083468985,-0.01661682752881181
14.98,-0.0025,-0.0029891316895642845,-0.0004963279326456693,-0.016420755126729938
14.99,-0.0025,-0.0029466729189586444,-0.0005437916569539656,-0.016219675000753518
15.0,-0.0025,-0.0029147024342502615,-0.0005983853649196696,-0.016011792420608115
15.01,-0.0025,-0.002893797511617043,-0.0006585810260837175,-0.01579551897234259
15.02,-0.0025,-0.002884285007815553,-0.0007226750067365888,-0.015569550918199254
15.030000000000001,-0.0025,-0.002886216815955509,-0.000788827588766105,-0.015332938137153985
15.040000000000001,-0.0025,-0.002899352219892774,-0.0008551056974035291,-0.015085142846753498
15.05,-0.0025,-0.0029231464414988285,-0.0009195278656406011,-0.014826089574253088
15.06,-0.0025,-0.002956722238018683,-0.0009801104120275817,-0.01455625704364236
15.07,-0.0025,-0.002998465239009871,-0.0010349137807325914,-0.014277604495896237
15.08,-0.0025,-0.0030437601400020876,-0.0010820879887766643,-0.013998635133464036
15.09,-0.0025,-0.003085825456101117,-0.001119916145348457,-0.013732796545280061
15.1,-0.0025,-0.0031204992850275694,-0.0011468550515941617,-0.01348803760798966
15.11,-0.0025,-0.0031454810307049667,-0.0011615719552856352,-0.013268374873324438
15.120000000000001,-0.0025,-0.0031591896553550716,-0.0011629766217952796,-0.013076394121924515
15.13,-0.0025,-0.0031603967221523884,-0.0011502479888755596,-0.012914098671969016
15.14,-0.0025,-0.0031481021395643348,-0.0011228547954471976,-0.01278322976356745
15.15,-0.0025,-0.003121492652483677,-0.0010805697111586764,-0.012685396833618199
15.16,-0.0025,-0.0030799398597134036,-0.0010234766407918483,-0.01262211011210498
15.17,-0.0025,-0.0030230303014238745,-0.0009519710323111705,-0.012594730636860564
15.18,-0.0025,-0.002950635369259125,-0.0008667531759762356,-0.012604319828588777
15.19,-0.0025,-0.002863034993941623,-0.000768814640859012,-0.012651356878206205
15.200000000000001,-0.0025,-0.0027610825503866765,-0.0006594181507220572,-0.01273534887702376
15.21,-0.0025,-0.0026462839629173983,-0.0005400713499904508,-0.01285461213119798
15.22,-0.0025,-0.002520627121977828,-0.0004124950491113087,-0.013006592483749718
15.23,-0.0025,-0.0023862788071507515,-0.00027858666379743005,-0.01318848143861071
15.24,-0.0025,-0.002245397448021509,-0.00014037967165222176,-0.013397585310572994
15.25,-0.0025,-0.002100075040354543,-6.858022075225178e-19,-0.013631411174983368
15.26,-0.0025,-0.0019523103330720013,0.00014037967165222038,-0.013887681260740229
15.27,-0.0025,-0.0018039731105951304,0.00027858666379742875,-0.014164366056089818
15.280000000000001,-0.0025,-0.0016567684247428835,0.00041249504911133157,-0.01445971960567479
15.290000000000001,-0.0025,-0.0015122272244033467,0.0005400713499904706,-0.014772260458969066
15.3,-0.0025,-0.0013717430731058301,0.0006594181507220755,-0.015100654666957718
15.31,-0.0025,-0.0012366450748824804,0.0007688146408590109,-0.015443521008303669
15.32,-0.0025,-0.001108270233069296,0.0008667531759762347,-0.01579923852073251
15.33,-0.0025,-0.000988004396218879,0.0009519710323111698,-0.016165824134096916
15.34,-0.0025,-0.0008772870903136614,0.0010234766407918477,-0.016540893866213838
15.35,-0.0025,-0.0007775911770650986,0.001080569711158676,-0.0169216831045699
15.36,-0.0025,-0.0006903881315366203,0.0011228547954471972,-0.017305103649515374
15.370000000000001,-0.0025,-0.0006171079895600822,0.0011502479888755627,-0.0176878174351938
15.38,-0.0025,-0.0005590955591222662,0.0011629766217952802,-0.0180663232609121
15.39,-0.0025,-0.0005175659700328956,0.0011615719552856354,-0.018437049651114673
15.4,-0.0025,-0.0004935610392079535,0.0011468550515941617,-0.01879645062266649
15.41,-0.0025,-0.0004879037943941743,0.0011199161453484573,-0.019141110743515537
15.42,-0.0025,-0.000501129346285911,0.0010820879887766647,-0.01946790754791554
15.43,-0.0025,-0.0005332206913171803,0.001034913780732592,-0.0197746107953141
15.44,-0.0025,-0.0005823880893914613,0.0009801104120275824,-0.020062612623226637
15.450000000000001,-0.0025,-0.0006441326938494687,0.0009195278656405918,-0.020339128816762992
15.46,-0.0025,-0.0007143225081573788,0.0008551056974035182,-0.02061058199961597
15.47,-0.0025,-0.0007905103131257379,0.0007888275887660939,-0.02087967777453905
15.48,-0.0025,-0.0008712103061234251,0.0007226750067365885,-0.02114696164756485
15.49,-0.0025,-0.0009554815446484016,0.000658581026083719,-0.02141175138347539
15.5,-0.0025,-0.0010426703921424397,0.0005983853649196701,-0.021672737553617562
15.51,-0.0025,-0.0011321733948401313,0.0005437916569539653,-0.02192854586420585
15.52,-0.0025,-0.0012232792531919434,0.0004963279326456705,-0.022178130885713184
15.530000000000001,-0.0025,-0.0013151129537407294,0.0004573112083468922,-0.022420939284182203
15.540000000000001,-0.0025,-0.001406638609627338,0.00042781698898428804,-0.022656943754857224
15.55,-0.0025,-0.001496684997205805,0.00040865437799105766,-0.02288661492373668
15.56,-0.0025,-0.0015839818370238013,0.00040034736061946247,-0.023110868880882075
15.57,-0.0025,-0.0016671999084757164,0.00040312268632858447,-0.023330997914684525
15.58,-0.0025,-0.001744994562962675,0.00041690462584320805,-0.02354859167701353
15.59,-0.0025,-0.001816052085341715,0.00044131672212409997,-0.02376544770389433
15.6,-0.0025,-0.0018791345820820702,0.0004756904954274781,-0.023983481598780963
15.610000000000001,-0.0025,-0.0019331262125241793,0.0005190809044730169,-0.024204630671858143
15.620000000000001,-0.0025,-0.0019770753356374007,0.0005702882120757146,-0.024430762666795114
15.63,-0.0025,-0.0020102338626707323,0.0006278857579160921,-0.024663586425472596
15.64,-0.0025,-0.002032091933745309,0.0006902530067321393,-0.024904568332683695
15.65,-0.0025,-0.0020424061989034316,0.0007556131201671087,-0.025154858197727285
15.66,-0.0025,-0.0020412215469065155,0.0008220741975242248,-0.025415224683614533
15.67,-0.0025,-0.00202888534346332,0.0008876732471015137,-0.02568600196360389
15.68,-0.0025,-0.002006055517363368,0.000950421887504454,-0.025967045274143973
15.69,-0.0025,-0.001973734182139926,0.0010083527387755836,-0.026257625277975767
15.700000000000001,-0.0025,-0.0019338285719216416,0.0010595654472368228,-0.026555155089791296
15.71,-0.0025,-0.0018916832770451563,0.0011022712959749405,-0.026849517025533048
15.72,-0.0025,-0.001854040155090531,0.0011348353847315945,-0.027127297053962066
15.73,-0.0025,-0.0018246941904052191,0.0011558154178645625,-0.02738130429972392
15.74,-0.0025,-0.0018057778819782055,0.0011639962157814583,-0.02760784717702542
15.75,-0.0025,-0.0017987823101752343,0.0011584191620695652,-0.027804484457226403
15.76,-0.0025,-0.0018048694220292988,0.0011384059132589909,-0.02796929357845773
15.77,-0.0025,-0.001824974497092403,0.0011035758281580529,-0.02810059858050622
15.780000000000001,-0.0025,-0.0018598328789731853,0.001053856716039473,-0.02819687410237013
15.790000000000001,-0.0025,-0.001909965744822573,0.0009894886544037033,-0.028256751401456337
15.8,-0.0025,-0.0019756266413680948,0.0009110207841642841,-0.028279124057541648
15.81,-0.0025,-0.0020566992491789647,0.0008193011493246927,-0.02826337530328166
15.82,-0.0025,-0.002152550625886686,0.0007154598059322269,-0.028209719583541203
15.83,-0.0025,-0.0022619252377043247,0.0006008855777238026,-0.028119472136106473
15.84,-0.0025,-0.002383035674780419,0.00047719697995673635,-0.02799489913891174
15.85,-0.0025,-0.0025138260937764495,0.0003462079651751158,-0.027838688560798918
15.860000000000001,-0.0025,-0.0026521867367498243,0.0002098892620975457,-0.02765352226337797
15.870000000000001,-0.0025,-0.0027960421263310696,7.032617876008383e-05,-0.027441923803430402
15.88,-0.0025,-0.002943388530950293,-7.032617876010766e-05,-0.027206220121998175
15.89,-0.0025,-0.0030923335770657976,-0.00020988926209756706,-0.026948500004027567
15.9,-0.0025,-0.0032411395821959847,-0.00034620796517511384,-0.02667056303293386
15.91,-0.0025,-0.003388245695642017,-0.00047719697995673446,-0.026373911723782287
15.92,-0.0025,-0.003532243923556622,-0.0006008855777238009,-0.02605984158071658
15.93,-0.0025,-0.0036718085477047396,-0.0007154598059322254,-0.025729631690400344
15.94,-0.0025,-0.0038056142165699644,-0.0008193011493246912,-0.025384759549861205
15.950000000000001,-0.0025,-0.003932282016760729,-0.0009110207841642974,-0.025027053333146414
15.96,-0.0025,-0.00405036540695236,-0.0009894886544037146,-0.024658754725399776
15.97,-0.0025,-0.004158365286111018,-0.0010538567160394826,-0.024282512204349096
15.98,-0.0025,-0.004254762071924947,-0.0011035758281580524,-0.023901333387822906
15.99,-0.0025,-0.004338056127563737,-0.0011384059132589907,-0.023518513535349023
16.0,0.003,-0.004406810606544806,-0.0011584191620695652,-0.011137553309672376
16.01,0.003,-0.004458846531775704,-0.0011639962157814585,-0.010430101938949894
16.02,0.003,-0.004489225254130206,-0.001155815417864563,-0.009747848528443213
16.03,0.003,-0.004493607667344251,-0.0011348353847315893,-0.009070257522952839
16.04,0.003,-0.004469907400760496,-0.0011022712959749409,-0.008381292920319104
16.05,0.003,-0.004422312332080111,-0.0010595654472368159,-0.0076587123488861195
16.06,0.003,-0.004355790969433193,-0.001008352738775595,-0.006884346265670718
16.07,0.003,-0.00427091265322443,-0.0009504218875044548,-0.006054375241199832
16.080000000000002,0.003,-0.004167132597862639,-0.0008876732471015022,-0.00517126530880304
16.09,0.003,-0.0040441689232410295,-0.0008220741975242258,-0.004239882106973569
16.1,0.003,-0.0039022189743699006,-0.000755613120167099,-0.003266250909399821
16.11,0.003,-0.0037419360540079352,-0.0006902530067321403,-0.0022569759127701663
16.12,0.003,-0.0035643829512389787,-0.0006278857579160816,-0.0012188279975202023
16.13,0.003,-0.003370985941304564,-0.0005702882120757152,-0.00015842990014272758
16.14,0.003,-0.003163489018948629,-0.0005190809044730083,0.0009179777780767163
16.15,0.003,-0.0029439070814558607,-0.00047569049542748503,0.002004701334343339
16.16,0.003,-0.00271447723892697,-0.0004413167221241015,0.003096699713806734
16.17,0.003,-0.0024776078926220142,-0.0004169046258432051,0.004189640392029171
16.18,0.003,-0.0022358256234905807,-0.0004031226863285847,0.0052799136275836055
16.19,0.003,-0.0019917202655106905,-0.0004003473606194629,0.006364612523447898
16.2,0.003,-0.0017478889092274294,-0.00040865437799105745,0.007441485689549814
16.21,0.003,-0.001506879480244291,-0.0004278169889842924,0.00850886863152579
16.22,0.003,-0.0012711351234511114,-0.00045731120834689254,0.009565599083936983
16.23,0.003,-0.001042941029987658,-0.0004963279326456681,0.010610922720646941
16.240000000000002,0.003,-0.0008243730865353252,-0.0005437916569539744,0.011644391234871591
16.25,0.003,-0.0006172522792439631,-0.0005983853649196692,0.012665759548294969
16.26,0.003,-0.0004231037812514568,-0.0006585810260837301,0.01367488544979866
16.27,0.003,-0.0002431221404126416,-0.0007226750067365899,0.014671631435375273
16.28,0.003,-7.814481520135163e-05,-0.000788827588766104,0.01565577787832501
16.29,0.003,7.136699248430062e-05,-0.0008551056974035147,0.016626943429677795
16.3,0.003,0.00020533842066233632,-0.0009195278656406009,0.017584518574888908
16.31,0.003,0.0003240821371929067,-0.0009801104120275702,0.018527613022707595
16.32,0.003,0.00042828969637457285,-0.0010349137807325911,0.019455016656036186
16.330000000000002,0.003,0.0005190153776717504,-0.0010820879887766715,0.020365175779411705
16.34,0.003,0.0005976482456081881,-0.001119916145348459,0.021256186381572163
16.35,0.003,0.0006658801884712738,-0.0011468550515941638,0.0221257985458366
16.36,0.003,0.0007256610543474929,-0.0011615719552856341,0.022971441461861926
16.37,0.003,0.0007791526537602482,-0.0011629766217952798,0.023790255090601127
16.38,0.003,0.000828677175085113,-0.001150247988875563,0.02457913073610907
16.39,0.003,0.0008767598885203431,-0.001122854795447198,0.025334547422635904
16.4,0.003,0.0009270821789759021,-0.0010805697111586862,0.0260503972358741
16.41,0.003,0.0009856366395768993,-0.0010234766407918483,0.02671528314579386
16.42,0.003,0.0010569729910119264,-0.0009519710323111566,0.02732060803013101
16.43,0.003,0.0011427511128487653,-0.000866753175976236,0.027863819230855465
16.44,0.003,0.001243072112137485,-0.0007688146408589935,0.028345552617572562
16.45,0.003,0.0013572996581109787,-0.0006594181507220771,0.028767829392893615
16.46,0.003,0.0014845131084416055,-0.0005400713499904505,0.02913304066758925
16.47,0.003,0.00162379688294698,-0.0004124950491113307,0.029443291469230057
16.48,0.003,0.0017744250486333318,-0.0002785866637974319,0.029699980075519807
16.490000000000002,0.003,0.0019358951730040356,-0.00014037967165219672,0.029903716875474173
16.5,0.003,0.002107769879686408,-1.3716044150450356e-18,0.03005467854851669
16.51,0.003,0.0022894508011441083,0.00014037967165224545,0.030153129385548667
16.52,0.003,0.002480040961171272,0.0002785866637974292,0.030199763641869864
16.53,0.003,0.0026783070912724896,0.0004124950491113281,0.030195840200820653
16.54,0.003,0.0028826873298408583,0.0005400713499904481,0.03014321474361847
16.55,0.003,0.003091320161144065,0.000659418150722075,0.030044334259081183
16.56,0.003,0.0033020774311752037,0.0007688146408589914,0.02990221589107498
16.57,0.003,0.003512610541727538,0.0008667531759762343,0.02972040437721241
16.580000000000002,0.003,0.0037203972702395723,0.0009519710323111821,0.029502921949183983
16.59,0.003,0.0039227994383662056,0.001023476640791847,0.0292541987428568
16.6,0.003,0.004117118873633557,0.0010805697111586853,0.028979000726912205
16.61,0.003,0.004300661562756336,0.0011228547954471972,0.02868234069614379
16.62,0.003,0.004470798252347229,0.0011502479888755627,0.028369390376052843
16.63,0.003,0.004625027320104648,0.0011629766217952796,0.028045384274106123
16.64,0.003,0.004761035649094915,0.0011615719552856341,0.027715521971064853
16.65,0.003,0.004876754813899495,0.0011468550515941643,0.027384873039667666
16.66,0.003,0.0049704138572963154,0.0011199161453484597,0.02705828287633122
16.67,0.003,0.005040585667410811,0.0010820879887766589,0.026740283755792803
16.68,0.003,0.005086225799133829,0.001034913780732592,0.026435013584999223
16.69,0.003,0.00510670347936056,0.0009801104120275713,0.02614614303848268
16.7,0.003,0.005101823542414014,0.0009195278656406022,0.025876812991876833
16.71,0.003,0.0050718459445338645,0.000855105697403516,0.025629568112973053
16.72,0.003,0.0050179968027031265,0.0007888275887661053,0.025405201565764576
16.73,0.003,0.004947255862671566,0.0007226750067365911,0.02519211282478865
16.740000000000002,0.003,0.0048679046772323,0.0006585810260837073,0.02497568763902553
16.75,0.003,0.004782527601968535,0.0005983853649196704,0.024753754118026734
16.76,0.003,0.004692199999274064,0.0005437916569539557,0.02452756785800876
16.77,0.003,0.004597926534930808,0.0004963279326456692,0.024298604470673703
16.78,0.003,0.004500868336713203,0.0004573112083468932,0.02406796969158478
16.79,0.003,0.004402348507670131,0.00042781698898429303,0.02383630308259487
16.8,0.003,0.004303820584151886,0.0004086543779910578,0.02360378217743058
16.81,0.003,0.004206827666133858,0.0004003473606194629,0.023370154648285214
16.82,0.003,0.0041129578245056465,0.00040312268632858447,0.023134793723341845
16.830000000000002,0.003,0.004023798413767564,0.0004169046258432112,0.022896764149725128
16.84,0.003,0.003940887277547941,0.00044131672212410083,0.022654902118375616
16.85,0.003,0.0038656659880878545,0.00047569049542748416,0.022407900049925152
16.86,0.003,0.0037994337361332677,0.0005190809044730074,0.022154395195665286
16.87,0.003,0.0037433036488874398,0.0005702882120757144,0.02189306024968905
16.88,0.003,0.0036981640129918553,0.0006278857579160803,0.021622689501444928
16.89,0.003,0.003664644091677588,0.0006902530067321409,0.021342280814047904
16.9,0.003,0.003643086177218334,0.0007556131201670977,0.02105111054207434
16.91,0.003,0.003633524950523151,0.0008220741975242224,0.02074879817157202
16.92,0.003,0.0036356745087956434,0.0008876732471015238,0.020435359962409645
16.93,0.003,0.003648923440177466,0.0009504218875044537,0.020111250988610423
16.94,0.003,0.003672332317022637,0.001008352738775594,0.01977740663336608
16.95,0.003,0.003704510343842033,0.001059565447236815,0.019435555325101297
16.96,0.003,0.003742042315848757,0.001102271295974942,0.019091738676772108
16.97,0.003,0.003777695851020044,0.0011348353847315904,0.018760457889314026
16.98,0.003,0.003805990334354105,0.0011558154178645612,0.018452635169160257
16.990000000000002,0.003,0.00382416362749233,0.001163996215781459,0.018173392104321052
17.0,0.003,0.003830482059808393,0.0011584191620695652,0.01792571916038682
17.01,0.003,0.003823658029828147,0.0011384059132589865,0.017711794869368063
17.02,0.003,0.0038026794524347457,0.0011035758281580533,0.017533413786426408
17.03,0.003,0.003766765816033359,0.0010538567160394737,0.017392128803882745
17.04,0.003,0.003715384200060874,0.0009894886544037165,0.01728924847762549
17.05,0.003,0.0036483138987744666,0.0009110207841642844,0.01722571232563678
17.06,0.003,0.0035657608976628775,0.0008193011493247112,0.01720183980670636
17.07,0.003,0.0034684899340043885,0.0007154598059322275,0.017217022194767714
17.080000000000002,0.003,0.003357857725647334,0.0006008855777237829,0.017269614185080547
17.09,0.003,0.0032356511197833863,0.0004771969799567351,0.017357244855406028
17.1,0.003,0.0031038461678460313,0.0003462079651750938,0.017477303760352163
17.11,0.003,0.0029644551552545626,0.00020988926209757183,0.017627236940205487
17.12,0.003,0.002819459826225735,7.032617876008451e-05,0.017804652305654863
17.13,0.003,0.002670764226490828,-7.03261787600811e-05,0.0180073792612426
17.14,0.003,0.002520141587988159,-0.00020988926209756844,0.01823354099964893
17.150000000000002,0.003,0.0023691894146374336,-0.00034620796517513585,0.018481611014711068
17.16,0.003,0.0022193265679636798,-0.0004771969799567319,0.018750380700112243
17.17,0.003,0.002071852797197096,-0.0006008855777238206,0.019038791893531803
17.18,0.003,0.0019280458537272631,-0.0007154598059322248,0.01934568712636338
17.19,0.003,0.001789243028915426,-0.0008193011493247103,0.01966959295863987
17.2,0.003,0.0016568774327460293,-0.0009110207841642841,0.02000860439374206
17.21,0.003,0.001532474421172555,-0.0009894886544037165,0.020360360256969835
17.22,0.003,0.001417623850256911,-0.0010538567160394722,0.02072207511565076
17.23,0.003,0.0013139431094301179,-0.0011035758281580524,0.021090597419624352
17.240000000000002,0.003,0.001223032982931346,-0.0011384059132589952,0.02146248701706284
17.25,0.003,0.0011464317918486926,-0.0011584191620695652,0.021834101202774424
17.26,0.003,0.0010855691977592564,-0.0011639962157814576,0.022201685956080696
17.27,0.003,0.001041719708341788,-0.0011558154178645617,0.02256147247407945
17.28,0.003,0.0010159589317488636,-0.001134835384731591,0.022909772310655198
17.29,0.003,0.00100912177059235,-0.0011022712959749418,0.023243073494535874
17.3,0.003,0.0010217548208005642,-0.001059565447236815,0.023558154981820727
17.31,0.003,0.001053966705714601,-0.0010083527387755944,0.023852431945740986
17.32,0.003,0.001104393929127393,-0.0009504218875044561,0.024126263656859874
17.330000000000002,0.003,0.0011682023273288597,-0.0008876732471015056,0.02438747882984714
17.34,0.003,0.0012403248187766265,-0.0008220741975242247,0.024644462123822278
17.35,0.003,0.0013180148669965956,-0.0007556131201670994,0.02490052021672633
17.36,0.003,0.0013997989317786072,-0.0006902530067321426,0.025156117927830037
17.37,0.003,0.0014847987431533228,-0.0006278857579160818,0.02541037684852563
17.38,0.003,0.0015723703421293598,-0.0005702882120757157,0.025661906884191444
17.39,0.003,0.0016618572715965173,-0.0005190809044730085,0.025909399005643406
17.400000000000002,0.003,0.0017524683278655378,-0.00047569049542747256,0.026151942269666082
17.41,0.003,0.001843250063714919,-0.00044131672212410127,0.0263891311445603
17.42,0.003,0.0019331025561334274,-0.0004169046258432052,0.026621069054840383
17.43,0.003,0.0020208094331987405,-0.0004031226863285847,0.026848332053582478
17.44,0.003,0.002105077507445854,-0.0004003473606194629,0.02707190804414336
17.45,0.003,0.002184577146695554,-0.00040865437799105734,0.02729312633829506
17.46,0.003,0.0022579878647445164,-0.00042781698898429206,0.027513573359761175
17.47,0.003,0.0023240434455535654,-0.0004573112083468923,0.02773500419774732
17.48,0.003,0.002381577062552665,-0.0004963279326456681,0.027959250546178295
17.490000000000002,0.003,0.0024295657179979322,-0.0005437916569539744,0.02818812602415007
17.5,0.003,0.002467170439412425,-0.000598385364919669,0.028423336639544612
17.51,0.003,0.0024937731667467804,-0.0006585810260837297,0.028666394065334423
17.52,0.003,0.0025090081319950877,-0.0007226750067365896,0.028918536283645817
17.53,0.003,0.0025127866351830094,-0.0007888275887661036,0.029180658065777364
17.54,0.003,0.0025053148647936527,-0.0008551056974035152,0.02945325171810477
17.55,0.003,0.0024871043731308218,-0.0009195278656406016,0.029736358867715463
17.56,0.003,0.00245898285714278,-0.000980110412027571,0.030029517037197754
17.57,0.003,0.002422247714970496,-0.0010349137807325898,0.03033138678215239
17.580000000000002,0.003,0.002380217643647723,-0.00108208798877667,0.030636282748260277
17.59,0.003,0.0023397300790821344,-0.0011199161453484575,0.030930688109116873
17.6,0.003,0.0023060443571228796,-0.0011468550515941638,0.03120427545471806
17.61,0.003,0.00228190853433358,-0.0011615719552856341,0.03145204595754111
17.62,0.003,0.002269073401043686,-0.0011629766217952798,0.031671045625771985
17.63,0.003,0.002268849385152045,-0.001150247988875563,0.03185910765649644
17.64,0.003,0.002282279846794909,-0.001122854795447198,0.03201442338248614
17.650000000000002,0.003,0.002310196147047585,-0.001080569711158669,0.03213537877904304
17.66,0.003,0.0023532199328969304,-0.0010234766407918503,0.03222051831355421
17.67,0.003,0.0024117263800333025,-0.0009519710323111587,0.03226860766830894
17.68,0.003,0.002485763900812797,-0.0008667531759762382,0.03227880614701667
17.69,0.003,0.0025749267719809947,-0.0007688146408589922,0.03225095815715374
17.7,0.003,0.0026782282344900493,-0.000659418150722076,0.03218590091410453
17.71,0.003,0.002794108286151263,-0.0005400713499904494,0.032085491308107894
17.72,0.003,0.0029206381967696203,-0.0004124950491113313,0.03195220584882756
17.73,0.003,0.003055757734178877,-0.00027858666379743254,0.0317886645162411
17.740000000000002,0.003,0.0031974026419509163,-0.0001403796716521974,0.03159739231706741
17.75,0.003,0.0033435568408449624,-2.057406622567553e-18,0.031380747631173676
17.76,0.003,0.003492294163087595,0.00014037967165224477,0.031140875615394272
17.77,0.003,0.003641825636509431,0.00027858666379742853,0.030879648966656608
17.78,0.003,0.0037905357961001626,0.00041249504911132745,0.03059863001639188
17.79,0.003,0.003936978353253738,0.0005400713499904457,0.030299118506452682
17.8,0.003,0.004079818246309991,0.0006594181507220727,0.029982314781712194
17.81,0.003,0.004217745358271277,0.0007688146408589893,0.029649544412882155
17.82,0.003,0.004349404838869736,0.0008667531759762355,0.02930244637326604
17.830000000000002,0.003,0.004473367888349349,0.0009519710323111834,0.028943070347818116
17.84,0.003,0.004588137744715102,0.0010234766407918483,0.02857389262216796
17.85,0.003,0.004692177866008049,0.001080569711158685,0.028197779640958272
17.86,0.003,0.004783949231154841,0.0011228547954471972,0.027817925686559233
17.87,0.003,0.004861953374049803,0.0011502479888755627,0.027437773846665948
17.88,0.003,0.004924777832717791,0.0011629766217952796,0.027060926886596552
17.89,0.003,0.004971140825560422,0.0011615719552856341,0.02669105536336097
17.900000000000002,0.003,0.004999935793682597,0.0011468550515941584,0.026331801031090157
17.91,0.003,0.0050102747588093395,0.0011199161453484586,0.025986678121869118
17.92,0.003,0.005001538869601957,0.001082087988776658,0.02565895356723833
17.93,0.003,0.004973519620908079,0.0010349137807325914,0.02535132108471949
17.94,0.003,0.004927259894900238,0.0009801104120275726,0.025064020836676162
17.95,0.003,0.004866884762408528,0.0009195278656406034,0.024790703748974286
17.96,0.003,0.004797314366285436,0.0008551056974035171,0.02452326718653696
17.97,0.003,0.004721489460408298,0.0007888275887661056,0.024257941103443505
17.98,0.003,0.004641064601444193,0.0007226750067365914,0.023993824583389226
17.990000000000002,0.003,0.004557041560688429,0.0006585810260837077,0.02373149020451196
18.0,0.003,0.004470096602788038,0.0005983853649196707,0.023472231304045136
18.01,0.003,0.004380841685088045,0.0005437916569539559,0.023217444450052402
18.02,0.003,0.004289989964983027,0.0004963279326456692,0.022968218785531444
18.03,0.003,0.0041984166184732465,0.0004573112083468934,0.02272515512036348
18.04,0.003,0.0041071572405141825,0.0004278169889842929,0.022488333182066864
18.05,0.003,0.004017381170153038,0.00040865437799105766,0.022257334914599206
18.06,0.003,0.003930356589030277,0.0004003473606194629,0.022031297329763017
18.07,0.003,0.003847410027865272,0.00040312268632858447,0.021808979139571624
18.080000000000002,0.003,0.003769882126570742,0.00041690462584321086,0.021588841849021205
18.09,0.003,0.0036990832530132884,0.0004413167221241004,0.021369134464604127
18.1,0.003,0.0036362462865143935,0.00047569049542748416,0.021147988235956986
18.11,0.003,0.003582482658624189,0.0005190809044730072,0.020923508124586758
18.12,0.003,0.003538739148106319,0.0005702882120757139,0.020693866616270085
18.13,0.003,0.0035057587457446165,0.00062788575791608,0.020457392797231133
18.14,0.003,0.003484046659555515,0.0006902530067321407,0.020212654572549064
18.150000000000002,0.003,0.003473841711242078,0.0007556131201671186,0.019958533856623956
18.16,0.003,0.0034750948320747574,0.000822074197524223,0.019694291092415613
18.17,0.003,0.0034874549665071843,0.0008876732471015244,0.01941961824272355
18.18,0.003,0.0035102613434203817,0.0009504218875044544,0.019134683001495897
18.19,0.003,0.003542510064080424,0.0010083527387755927,0.01884023419056402
18.2,0.003,0.003582305112865564,0.0010595654472368137,0.018538848526940533
18.21,0.003,0.003624348979967413,0.0011022712959749405,0.018240552586721446
18.22,0.003,0.0036618996262171846,0.0011348353847315902,0.0179587700508079
18.23,0.003,0.003691138756918643,0.0011558154178645612,0.017700752419257237
18.240000000000002,0.003,0.0037099218570719192,0.001163996215781459,0.01747022751295961
18.25,0.003,0.003716750962342765,0.001158419162069564,0.017269661335094097
18.26,0.003,0.0037104602364251373,0.0011384059132589865,0.017100994349785806
18.27,0.003,0.0036901135468218726,0.0011035758281580533,0.016965913300766747
18.28,0.003,0.0036549779925432436,0.0010538567160394735,0.016865946787458022
18.29,0.003,0.0036045395289128605,0.0009894886544037185,0.016802456030691575
18.3,0.003,0.003538558444753944,0.0009110207841642847,0.016776524543102918
18.31,0.003,0.0034571731178707544,0.0008193011493247133,0.016788727105667353
18.32,0.003,0.0033610432616702486,0.0007154598059322293,0.016838795432891383
18.330000000000002,0.003,0.0032514420135764063,0.0006008855777237785,0.016925378885361313
18.34,0.003,0.003130152582307147,0.00047719697995673765,0.017046222702962435
18.35,0.003,0.0029992116849017177,0.0003462079651750904,0.017198683045848775
18.36,0.003,0.0028607093942993283,0.0002098892620975725,0.017380123732542455
18.37,0.003,0.002716705541023474,7.032617876008944e-05,0.017588058144838884
18.38,0.003,0.002569190124148575,-7.032617876008042e-05,0.01782019204539361
18.39,0.003,0.002420040904136328,-0.00020988926209756365,0.01807447136640556
18.400000000000002,0.003,0.0022709789110627507,-0.00034620796517513915,0.018349136111369395
18.41,0.003,0.002123547730435844,-0.00047719697995672963,0.01864272545372669
18.42,0.003,0.001979141272197839,-0.0006008855777238216,0.018953979615869938
18.43,0.003,0.0018390779142498182,-0.0007154598059322225,0.01928164148926873
18.44,0.003,0.0017046832021611219,-0.0008193011493247075,0.019624239979691132
18.45,0.003,0.0015773419175505784,-0.0009110207841642837,0.019979941609850754
18.46,0.003,0.0014585098411973735,-0.0009894886544037148,0.02034649269857943
18.47,0.003,0.0013496971521589844,-0.001053856716039472,0.020721229403788188
18.48,0.003,0.0012524352248443646,-0.001103575828158052,0.021101127699386726
18.490000000000002,0.003,0.0011682359650968697,-0.0011384059132589957,0.02148287532694905
18.5,0.003,0.0010985485325548353,-0.0011584191620695652,0.021862953909543126
18.51,0.003,0.0010447135827890582,-0.0011639962157814596,0.022237731303855503
18.52,0.003,0.0010079188349074249,-0.0011558154178645619,0.022603555472618452
18.53,0.003,0.0009891555669570057,-0.001134835384731591,0.022956851334583816
18.54,0.003,0.0009891733644559891,-0.0011022712959749383,0.023294226617730403
18.55,0.003,0.001008400894471416,-0.0010595654472368154,0.02361265796288445
18.56,0.003,0.001046557202947383,-0.0010083527387755907,0.023910366962874848
18.57,0.003,0.0011010080133805247,-0.0009504218875044563,0.024190496575708646
18.580000000000002,0.003,0.0011666687953561516,-0.0008876732471015059,0.02446150169092638
18.59,0.003,0.001239735694999929,-0.0008220741975242251,0.024729057693152083
18.6,0.003,0.0013180932017525335,-0.0007556131201670996,0.024995105504128156
18.61,0.003,0.001400485767596678,-0.000690253006732139,0.025259649633388392
18.62,0.003,0.0014861199456584742,-0.000627885757916082,0.025521656625808947
18.63,0.003,0.001574383984119715,-0.0005702882120757126,0.025779711173462495
18.64,0.003,0.0016646299608539823,-0.000519080904473009,0.026032539688568647
18.650000000000002,0.003,0.0017560668042109968,-0.0004756904954274728,0.026279293269970305
18.66,0.003,0.0018477370729789585,-0.00044131672212409975,0.0265196405657374
18.67,0.003,0.0019385336772691536,-0.00041690462584320534,0.026753765260142073
18.68,0.003,0.0020272329027354193,-0.00040312268632858425,0.026982324355508236
18.69,0.003,0.002112530957637231,-0.0004003473606194629,0.027206389182205866
18.7,0.003,0.0021930877272662184,-0.00040865437799105647,0.027427369229008777
18.71,0.003,0.0022675704964018064,-0.00042781698898429216,0.02764693004219168
18.72,0.003,0.0023347001120919645,-0.00045731120834689015,0.02786690278689575
18.73,0.003,0.0023932970719596626,-0.0004963279326456703,0.028089190074391614
18.740000000000002,0.003,0.002442324812526373,-0.0005437916569539739,0.02831567404134748
18.75,0.003,0.0024809315094017842,-0.0005983853649196721,0.02854812361416235
18.76,0.003,0.0025084866823741206,-0.0006585810260837295,0.028788108863064266
18.77,0.003,0.0025246126565106972,-0.0007226750067365851,0.029036922111527506
18.78,0.003,0.0025292098959072843,-0.0007888275887661075,0.029295507508601847
18.79,0.003,0.0025224748938895715,-0.000855105697403515,0.02956440213599555
18.8,0.003,0.0025049106647187513,-0.0009195278656406054,0.029843688545119772
18.81,0.003,0.0024773366857065993,-0.0009801104120275707,0.030132943214694875
18.82,0.003,0.002441030260895151,-0.0010349137807325855,0.030430891222713485
18.830000000000002,0.003,0.0023992310830951826,-0.0010820879887766734,0.030732042510101282
18.84,0.003,0.0023587872841289085,-0.0011199161453484543,0.031022882825418145
18.85,0.003,0.0023250545737753497,-0.0011468550515941664,0.03129289602266159
18.86,0.003,0.0023008136295333687,-0.001161571955285634,0.031537030886559
18.87,0.003,0.0022878226993505338,-0.001162976621795278,0.03175233611314421
18.88,0.003,0.00228739362345837,-0.0011502479888755633,0.03193666145739627
18.89,0.003,0.002300571140912779,-0.001122854795447198,0.03208821528115842
18.900000000000002,0.003,0.002328190046431105,-0.001080569711158669,0.03220539621760166
18.91,0.003,0.002370879288998608,-0.0010234766407918505,0.032286752632362414
18.92,0.003,0.002429027479207498,-0.0009519710323111576,0.032331039876950025
18.93,0.003,0.0025027047021562703,-0.0008667531759762386,0.03233738754727533
18.94,0.003,0.0025915343482456094,-0.0007688146408589955,0.032305592042427195
18.95,0.003,0.0026945556872800943,-0.0006594181507220767,0.03223644687237134
18.96,0.003,0.0028102143420041786,-0.0005400713499904534,0.03213180774866926
18.97,0.003,0.0029365650898172486,-0.0004124950491113319,0.03199419737049316
18.98,0.003,0.003071524623064946,-0.0002785866637974332,0.031826295906368374
18.990000000000002,0.003,0.003213009284587301,-0.0001403796716522023,0.03163068001129161
19.0,0.003,0.003358987101747005,-2.743208830090071e-18,0.03140975131589586
19.01,0.003,0.003507516216673563,0.00014037967165223987,0.03116569712037625
19.02,0.003,0.0036567898468072343,0.0002785866637974279,0.030900436570541936
19.03,0.003,0.003805172889658539,0.0004124950491113268,0.030615582573010683
19.04,0.003,0.003951200900575104,0.0005400713499904486,0.030312482734669733
19.05,0.003,0.004093526768285294,0.0006594181507220721,0.029992372603813554
19.06,0.003,0.004230836828515356,0.0007688146408589914,0.029656595096381355
19.07,0.003,0.004361780179311106,0.000866753175976235,0.029306790466035265
19.080000000000002,0.003,0.004484936921651623,0.0009519710323111829,0.028944999565692547
19.09,0.003,0.004598821892183768,0.0010234766407918481,0.02857368430260044
19.1,0.003,0.004701911192826725,0.0010805697111586849,0.028195694856064237
19.11,0.003,0.0047926795521259485,0.0011228547954471968,0.02781420726567742
19.12,0.003,0.004869642215014003,0.0011502479888755622,0.027432646700149627
19.13,0.003,0.004931400462688103,0.001162976621795278,0.027054597948309132
19.14,0.003,0.004976686172330494,0.0011615719552856344,0.026683713604876973
19.150000000000002,0.003,0.005004405993286236,0.0011468550515941584,0.02632361809243374
19.16,0.003,0.0050136851738720786,0.0011199161453484554,0.02597780753372959
19.17,0.003,0.005003921029083549,0.001082087988776658,0.025649523303819304
19.18,0.003,0.004974945685737905,0.0010349137807325877,0.025341378295108106
19.19,0.003,0.004927960173861697,0.0009801104120275728,0.02505326922413963
19.2,0.003,0.004867223588468176,0.000919527865640608,0.02477854410829305
19.21,0.003,0.004797482932979035,0.0008551056974035174,0.024509468292043982
19.22,0.003,0.004721549270580284,0.0007888275887661101,0.024242552137665834
19.23,0.003,0.004641030907044455,0.0007226750067365877,0.023976993737339095
19.240000000000002,0.003,0.004556911671665232,0.000658581026083708,0.02371340083679765
19.25,0.003,0.004469860474556598,0.0005983853649196744,0.023453076806435845
19.26,0.003,0.0043804867180346615,0.0005437916569539561,0.02319741549052744
19.27,0.003,0.004289503594576904,0.000496327932645672,0.022947497078417426
19.28,0.003,0.004197786944903382,0.00045731120834689167,0.022703911085690844
19.29,0.003,0.004106373387888866,0.00042781698898429303,0.022466724859929663
19.3,0.003,0.004016434057660522,0.0004086543779910569,0.022235506927246247
19.31,0.003,0.003929238534776711,0.000400347360619463,0.022009381644679298
19.32,0.003,0.0038461155849498735,0.0004031226863285839,0.02178709421784489
19.330000000000002,0.003,0.0037684078013520937,0.00041690462584321184,0.02156709375537729
19.34,0.003,0.0036974278026476242,0.00044131672212409856,0.021347616983894178
19.35,0.003,0.003634410810322659,0.0004756904954274861,0.021126783398157833
19.36,0.003,0.003580470451965673,0.000519080904473007,0.020902687194382902
19.37,0.003,0.003536555849988704,0.0005702882120757105,0.020673490383941475
19.38,0.003,0.0035034121520926462,0.0006278857579160796,0.02043751254238918
19.39,0.003,0.003481546574413884,0.0006902530067321364,0.02019331288337767
19.400000000000002,0.003,0.003471199858243601,0.0007556131201671224,0.019939765163421077
19.41,0.003,0.003472324642354577,0.0008220741975242227,0.019676122453651697
19.42,0.003,0.0034845713382354224,0.0008876732471015283,0.01940207014709959
19.43,0.003,0.003507280480037658,0.000950421887504454,0.019117769789674
19.44,0.003,0.0035394497927792967,0.0010083527387755886,0.01882396349894014
19.45,0.003,0.003579190475258032,0.0010595654472368135,0.018523208941922227
19.46,0.003,0.0036212154474014008,0.001102271295974937,0.018225505989366377
19.47,0.003,0.003658768631741621,0.0011348353847315902,0.01794430510851991
19.48,0.003,0.003688021659843633,0.0011558154178645612,0.017686876652157867
19.490000000000002,0.003,0.003706827543088478,0.001163996215781457,0.017456950813449782
19.5,0.003,0.003713687860211106,0.0011584191620695656,0.017256991446690226
19.51,0.003,0.0037074366488955126,0.0011384059132589861,0.01708893602329139
19.52,0.003,0.0036871373779842,0.0011035758281580537,0.016954468848323277
19.53,0.003,0.0036520562817988576,0.0010538567160394744,0.016855117095223675
19.54,0.003,0.003601677616616857,0.0009894886544037176,0.016792242463821532
19.55,0.003,0.0035357587360981694,0.0009110207841642869,0.016766931822880422
19.56,0.003,0.003454433597010733,0.0008193011493247114,0.016779766836329903
19.57,0.003,0.0033583567885395707,0.0007154598059322269,0.016830488026731892
19.580000000000002,0.003,0.003248798310186313,0.0006008855777237824,0.016917749621499032
19.59,0.003,0.0031275424261487275,0.0004771969799567345,0.017039292823684615
19.6,0.003,0.0029966296302992895,0.0003462079651750951,0.017192463904755796
19.61,0.003,0.002858153745375626,0.000209889262097569,0.01737461691011099
19.62,0.003,0.002714177552977754,7.03261787600859e-05,0.017583257299753213
19.63,0.003,0.002566693634589067,-7.032617876008398e-05,0.017816083845790802
19.64,0.003,0.002417582495221141,-0.00020988926209756712,0.01807103522674619
19.650000000000002,0.003,0.002268568287271863,-0.0003462079651751346,0.018346343388710492
19.66,0.003,0.0021211978186109746,-0.00047719697995673267,0.018640539176347923
19.67,0.003,0.001976867611658597,-0.0006008855777238177,0.018952355712175444
19.68,0.003,0.0018368973888391214,-0.0007154598059322249,0.01928053144787282
19.69,0.003,0.0017026126457255846,-0.0008193011493247094,0.019623593797034274
19.7,0.003,0.0015753970682614016,-0.0009110207841642813,0.019979709997874275
19.71,0.003,0.001456704724150772,-0.0009894886544037156,0.020346628357020502
19.72,0.003,0.0013480437462852215,-0.0010538567160394714,0.020721687670559222
19.73,0.003,0.0012509433156139187,-0.0011035758281580518,0.021101866806802663
19.740000000000002,0.003,0.001166913058198837,-0.0011384059132589948,0.021483856537404332
19.75,0.003,0.001097399835419688,-0.0011584191620695637,0.021864141528377748
19.76,0.003,0.0010437420352425503,-0.0011639962157814574,0.022239092620506225
19.77,0.003,0.0010071251461429846,-0.0011558154178645643,0.022605060729838457
19.78,0.003,0.0009885382527466675,-0.0011348353847315884,0.022958473733157403
19.79,0.003,0.000988728617000082,-0.001102271295974942,0.023295942737489764
19.8,0.003,0.0010081210110440579,-0.001059565447236812,0.023614451417490974
19.81,0.003,0.0010464198423785947,-0.001008352738775595,0.023912252409803644
19.82,0.003,0.001100957048962999,-0.0009504218875044609,0.024192563206947137
19.830000000000002,0.003,0.00116665665754302,-0.000887673247101502,0.024463822077858757
19.84,0.003,0.0012397446512164264,-0.0008220741975242297,0.024731640176520044
19.85,0.003,0.0013181180305932613,-0.0007556131201670958,0.024997931390740614
19.86,0.003,0.001400525778677153,-0.0006902530067321431,0.02526269082410319
19.87,0.003,0.001486176316965354,-0.0006278857579160859,0.02552488180213945
19.88,0.003,0.0015744586043230004,-0.0005702882120757161,0.025783088654915014
19.89,0.003,0.0016647248797037842,-0.0005190809044730118,0.026036038887364277
19.900000000000002,0.003,0.0017561840057539035,-0.0004756904954274705,0.026282885314430335
19.91,0.003,0.0018478783771205447,-0.0004413167221241014,0.02652329859472925
19.92,0.003,0.0019387006797889467,-0.00041690462584320414,0.026757464539531428
19.93,0.003,0.002027426931480074,-0.0004031226863285848,0.026986042325210784
19.94,0.003,0.002112753035893881,-0.0004003473606194627,0.02721010545063915
19.95,0.003,0.002193338543021119,-0.00040865437799105723,0.02743106553224971
19.96,0.003,0.00226785038211663,-0.00042781698898429054,0.02765059017388756
19.97,0.003,0.0023350090301219257,-0.000457311208346892,0.027870512510279367
19.98,0.003,0.0023936346105321335,-0.0004963279326456676,0.028092737016524195
19.990000000000002,0.003,0.0024426901883915254,-0.0005437916569539707,0.028319147579901748
20.0,0.003,0.0024813235784774857,-0.0005983853649196684,0.028551514757738674
20.01,0.003,0.002508903957508725,-0.0006585810260837253,0.028791410128377354
20.02,0.003,0.002525053331266045,-0.0007226750067365888,0.02904012740079525
20.03,0.003,0.0025296718738736725,-0.0007888275887661029,0.029298611988772563
20.04,0.003,0.0025229558222115826,-0.0008551056974035189,0.029567402121489634
20.05,0.003,0.002505407969990927,-0.0009195278656406008,0.029846581387806846
20.06,0.003,0.002477847590217242,-0.0009801104120275746,0.030135727248618262
20.07,0.003,0.0024415515140502352,-0.0010349137807325894,0.030433566346455967
20.080000000000002,0.003,0.0023997576360460893,-0.0010820879887766695,0.030734613135599022
20.09,0.003,0.0023593144895747097,-0.0011199161453484571,0.031025353148284036
20.1,0.003,0.0023255801199114383,-0.0011468550515941636,0.03129526569891758
20.11,0.003,0.0023013359532737723,-0.0011615719552856363,0.03153929843474696
20.12,0.003,0.002288340385094707,-0.0011629766217952798,0.03175450023604242
20.13,0.003,0.0022879052747322628,-0.0011502479888755644,0.03193872134137772
20.14,0.003,0.0023010753880301268,-0.0011228547954471985,0.03209017059279616
20.150000000000002,0.003,0.0023286856088837004,-0.0010805697111586695,0.03220724697128538
20.16,0.003,0.002371365096075212,-0.00102347664079185,0.03228849891793238
20.17,0.003,0.0024295028441635213,-0.0009519710323111594,0.03233268145790495
20.18,0.003,0.0025031695594516677,-0.0008667531759762369,0.03233892330531374
20.19,0.003,0.002591989476408806,-0.0007688146408589933,0.03230701943391082
20.2,0.003,0.0026950026488390894,-0.0006594181507220804,0.032237761992065135
20.21,0.003,0.0028106548799381,-0.0005400713499904506,0.03213300658798771
20.22,0.003,0.002937000480123502,-0.00041249504911133634,0.03199527720809518
20.23,0.003,0.003071955461328514,-0.0002785866637974298,0.03182725576543594
20.240000000000002,0.003,0.00321343559669531,-0.00014037967165219875,0.03163152040560031
20.25,0.003,0.003359408459146382,-7.692267452173189e-18,0.03141047397903677
20.26,0.003,0.0035079317472287656,0.00014037967165224342,0.031166304963519697
20.27,0.003,0.003657198183266468,0.0002785866637974231,0.03090093378655946
20.28,0.003,0.003805572116627037,0.00041249504911133,0.030615974756380348
20.29,0.003,0.003951588591617829,0.0005400713499904445,0.030312776815021803
20.3,0.003,0.0040939001504361125,0.0006594181507220746,0.029992576507313063
20.31,0.003,0.004231193024607563,0.0007688146408589882,0.029656717229271826
20.32,0.003,0.004362116421044233,0.0008667531759762326,0.029306839277860146
20.330000000000002,0.003,0.004485250684189522,0.0009519710323111841,0.028944983255768643
20.34,0.003,0.004599110966895614,0.0010234766407918468,0.028573610676693156
20.35,0.003,0.004702173748849639,0.0010805697111586849,0.028195571212278555
20.36,0.003,0.004792914128169512,0.0011228547954471968,0.027814040416273476
20.37,0.003,0.0048698477383667844,0.0011502479888755635,0.027432442937862768
20.38,0.003,0.004931576255623729,0.0011629766217952796,0.027054363035023204
20.39,0.003,0.0049768319332333414,0.0011615719552856394,0.02668345281161714
20.400000000000002,0.003,0.005004521793418037,0.0011468550515941558,0.026323336190148088
20.41,0.003,0.005013771464399325,0.0011199161453484588,0.02597750876023608
20.42,0.003,0.005003978724974026,0.0010820879887766571,0.02564921115567875
20.43,0.003,0.004974976908728296,0.001034913780732594,0.02534105384602192
20.44,0.003,0.004927971605974433,0.0009801104120275752,0.02505292362984866
20.45,0.003,0.004867225292907885,0.0009195278656406022,0.024778160845663436
20.46,0.003,0.004797480042121957,0.000855105697403522,0.02450904133251016
20.47,0.003,0.00472154343625187,0.0007888275887661063,0.024242082977886156
20.48,0.003,0.004641022546041262,0.0007226750067365908,0.023976486512857383
20.490000000000002,0.003,0.004556900715554244,0.000658581026083712,0.02371286063005166
20.5,0.003,0.004469846655741248,0.0005983853649196712,0.023452508945177048
20.51,0.003,0.004380469723848546,0.0005437916569539605,0.023196825196272145
20.52,0.003,0.00428948308644676,0.0004963279326456705,0.022946889359902477
20.53,0.003,0.004197762606756691,0.0004573112083468936,0.022703290614654485
20.54,0.003,0.004106344954384712,0.0004278169889842916,0.022466095946550288
20.55,0.003,0.004016401275406369,0.000408654377991058,0.02223487354784036
20.56,0.003,0.003929201226131062,0.0004003473606194629,0.022008747371712798
20.57,0.003,0.003846073604734466,0.00040312268632858447,0.021786462293300217
20.580000000000002,0.003,0.003768361069163478,0.00041690462584321054,0.021566467055488012
20.59,0.003,0.0036973763016029597,0.0004413167221241003,0.0213469980389059
20.6,0.003,0.003634354577236932,0.00047569049542748427,0.02112617443260871
20.61,0.003,0.003580409593653666,0.0005190809044730105,0.020902090110093703
20.62,0.003,0.0035364905273593296,0.0005702882120757135,0.020672906813672832
20.63,0.003,0.0035033425841479527,0.0006278857579160831,0.020436943855999035
20.64,0.003,0.003481473039430435,0.0006902530067321388,0.020192760196120752
20.650000000000002,0.003,0.0034711226820800965,0.000755613120167118,0.019939229376134376
20.66,0.003,0.0034722441949187723,0.0008220741975242266,0.01967560426853778
20.67,0.003,0.0034844880301173517,0.0008876732471015218,0.01940157007635765
20.68,0.003,0.003507194755726988,0.0009504218875044559,0.019117288182664484
20.69,0.003,0.003539362138085677,0.0010083527387755942,0.018823500523418434
20.7,0.003,0.003579101543331564,0.0010595654472368118,0.01852276430809171
20.71,0.003,0.00362112612126418,0.0011022712959749402,0.01822507879902485
20.72,0.003,0.0036586794402915204,0.0011348353847315871,0.0179438951335101
20.73,0.003,0.0036879328958140394,0.0011558154178645662,0.017686484094163263
20.740000000000002,0.003,0.003706739450729815,0.0011639962157814591,0.017456575896805743
20.75,0.003,0.0037136006735217497,0.001158419162069567,0.017256634332118066
20.76,0.003,0.003707350598347711,0.001138405913258984,0.01708859679188395
20.77,0.003,0.003687052691100822,0.0011035758281580507,0.016954147496036943
20.78,0.003,0.003651973162859999,0.001053856716039474,0.016854813579388537
20.79,0.003,0.003601596218551015,0.000989488654403719,0.01679195676772859
20.8,0.003,0.0035356791280871775,0.0009110207841642822,0.016766664030654684
20.81,0.003,0.0034543557228286716,0.0008193011493247109,0.016779517231897453
20.82,0.003,0.003358280443262628,0.0007154598059322337,0.016830257155008046
20.830000000000002,0.003,0.0032487231995977067,0.0006008855777237796,0.016917538170907125
20.84,0.003,0.0031274682825627093,0.00047719697995673885,0.01703910137919889
20.85,0.003,0.0029965562962642584,0.0003462079651750953,0.01719229276786784
20.86,0.003,0.0028580811713648444,0.00020988926209757736,0.017374466104890927
20.87,0.003,0.0027141057740845357,7.032617876009083e-05,0.017583126626380657
20.88,0.003,0.0025666227609499885,-7.032617876007905e-05,0.017815972904835192
20.89,0.003,0.0024175127152161278,-0.00020988926209756581,0.018070943414359983
20.900000000000002,0.003,0.0022684998800580856,-0.0003462079651751379,0.01834626986973118
20.91,0.003,0.0021211311544690786,-0.00047719697995672833,0.018640482881434887
20.92,0.003,0.001976803136404688,-0.0006008855777238239,0.018952315367773673
20.93,0.003,0.0018368355867212703,-0.0007154598059322249,0.01928050565484259
20.94,0.003,0.0017025540015359543,-0.0008193011493247032,0.01962358111456462
20.95,0.003,0.001575342031979751,-0.0009110207841642795,0.01997970900832184
20.96,0.003,0.0014566536964803593,-0.0009894886544037141,0.02034663770313173
20.97,0.003,0.0013479970766786308,-0.0010538567160394714,0.02072170605727928
20.98,0.003,0.0012509012780986318,-0.0011035758281580485,0.021101893047576575
20.990000000000002,0.003,0.0011668758676871022,-0.0011384059132589952,0.02148388951917497
21.0,0.003,0.0010973676442356478,-0.0011584191620695647,0.021864180219812547
21.01,0.003,0.0010437149224191023,-0.0011639962157814622,0.022239136095364997
21.02,0.003,0.001007103130511255,-0.0011558154178645647,0.022605108135839505
21.03,0.003,0.0009885212941515432,-0.0011348353847315915,0.022958524295574892
21.04,0.003,0.0009887166030702966,-0.0011022712959749387,0.023295995793005047
21.05,0.003,0.001008113714045648,-0.001059565447236818,0.023614506510656465
21.06,0.003,0.001046416614470947,-0.0010083527387755933,0.023912309976963014
21.07,0.003,0.001100956280839084,-0.000950421887504455,0.024192625806505583
21.080000000000002,0.003,0.0011666569926170789,-0.0008876732471015065,0.02446389177539152
21.09,0.003,0.0012397455847305218,-0.0008220741975242257,0.024731717203819725
21.1,0.003,0.001318119412241183,-0.0007556131201670989,0.024998015214068213
21.11,0.003,0.0014005275879365158,-0.0006902530067321382,0.02526278064041529
21.12,0.003,0.00148617858515473,-0.0006278857579160827,0.02552497672016242
21.13,0.003,0.0015744613826163426,-0.0005702882120757131,0.025783187775193218
21.14,0.003,0.0016647282240007865,-0.0005190809044730102,0.026036141339889917
21.150000000000002,0.003,0.0017561879702791678,-0.000475690495427473,0.02628299028067555
21.16,0.003,0.0018478830113946756,-0.00044131672212409986,0.02652340531216836
21.17,0.003,0.0019387060269539938,-0.00041690462584320577,0.02675757230796345
21.18,0.003,0.0020274330278314506,-0.00040312268632858436,0.026986150504778057
21.19,0.003,0.00211275990837878,-0.000400347360619463,0.02721021346545048
21.2,0.003,0.0021933462102697266,-0.00040865437799105647,0.02743117286499451
21.21,0.003,0.0022678588518773276,-0.00042781698898429184,0.02765069636804499
21.22,0.003,0.0023350183006762976,-0.0004573112083468897,0.027870617163668808
21.23,0.003,0.0023936446694013086,-0.0004963279326456707,0.02809283978087878
21.240000000000002,0.003,0.002442701012563047,-0.0005437916569539734,0.028319248157233513
21.25,0.003,0.0024813351352738254,-0.0005983853649196647,0.0285516128956177
21.26,0.003,0.0025089162044997755,-0.0006585810260837276,0.02879150561778933
21.27,0.003,0.0025250662171357827,-0.0007226750067365831,0.02904022007222364
21.28,0.003,0.0025296853393129344,-0.0007888275887661068,0.029298701708393368
21.29,0.003,0.0025229698008657456,-0.0008551056974035143,0.02956748878798605
21.3,0.003,0.0025054223891899713,-0.0009195278656406029,0.02984666492986254
21.31,0.003,0.002477862371996979,-0.000980110412027568,0.0301358076218837
21.32,0.003,0.002441566567524084,-0.0010349137807325872,0.030433643550173355
21.330000000000002,0.003,0.002399772824431165,-0.001082087988776673,0.030734687285927063
21.34,0.003,0.0023593296891073214,-0.001119916145348454,0.031025424351404804
21.35,0.003,0.0023255952682116015,-0.0011468550515941688,0.03129533394270149
21.36,0.003,0.0023013510068838313,-0.0011615719552856368,0.03153936367982384
21.37,0.003,0.0022883553039254843,-0.001162976621795278,0.03175456245001519
21.38,0.003,0.0022879200189828185,-0.0011502479888755635,0.03193878050596972
21.39,0.003,0.002301089918473008,-0.001122854795447195,0.03209022670364044
21.400000000000002,0.003,0.0023286998885076095,-0.0010805697111586697,0.03220730003440502
21.41,0.003,0.0023713790939539183,-0.0010234766407918512,0.032288548940975256
21.42,0.003,0.0024295165404367132,-0.000951971032311155,0.03233272843865318
21.43,0.003,0.002503182952134823,-0.0008667531759762361,0.03233896721575554
21.44,0.003,0.00259200258779009,-0.0007688146408589998,0.03230706020463955
21.45,0.003,0.00269501552417841,-0.0006594181507220812,0.032237799513248615
21.46,0.003,0.002810667569369672,-0.0005400713499904547,0.03213304074708506
21.47,0.003,0.002937013020585738,-0.0004124950491113332,0.031995307928769236
21.48,0.003,0.0030719678700458406,-0.000278586663797438,0.0318272830215306
21.490000000000002,0.003,0.00321344787437486,-0.00014037967165220363,0.031631544213844655
21.5,0.003,0.003359420593422735,-4.114813245135106e-18,0.03141049439101691
21.51,0.003,0.0035079437128362726,0.00014037967165224206,0.031166322064782242
21.52,0.003,0.0036572099406834485,0.0002785866637974301,0.030900947699377727
21.53,0.003,0.0038055836104627103,0.0004124950491113255,0.030615985643429048
21.54,0.003,0.003951599751670573,0.0005400713499904475,0.030312784877494788
21.55,0.003,0.004093910896396873,0.0006594181507220745,0.029992581975313397
21.56,0.003,0.004231203273252329,0.0007688146408589937,0.029656720346231704
21.57,0.003,0.004362126092421303,0.0008667531759762308,0.029306840288490333
21.580000000000002,0.003,0.004485259705282861,0.0009519710323111822,0.02894498239746932
21.59,0.003,0.004599119273529258,0.0010234766407918473,0.02857360817597459
21.6,0.003,0.004702181288545703,0.0010805697111586812,0.028195567279462413
21.61,0.003,0.00479292085858367,0.0011228547954471933,0.02781403524871221
21.62,0.003,0.004869853628445602,0.0011502479888755622,0.027432436717677876
21.63,0.003,0.004931581286054093,0.001162976621795278,0.027054355928249903
21.64,0.003,0.004976836095321069,0.0011615719552856372,0.026683444970762242
21.650000000000002,0.003,0.005004525089251343,0.0011468550515941586,0.026323327753123935
21.66,0.003,0.005013773907296989,0.0011199161453484558,0.02597749984894348
21.67,0.003,0.0050039803415917175,0.001082087988776661,0.025649201870853996
21.68,0.003,0.004974977760584809,0.0010349137807325903,0.025341044218304225
21.69,0.003,0.004927971886472006,0.0009801104120275715,0.025052913403056737
21.7,0.003,0.004867225292827006,0.0009195278656406067,0.02477814954240929
21.71,0.003,0.004797479909614553,0.0008551056974035181,0.024509028778977603
21.72,0.003,0.004721543219044419,0.0007888275887661107,0.024242069217379196
21.73,0.003,0.0046410222564112705,0.000722675006736587,0.023976471664409502
21.740000000000002,0.003,0.0045569003515682814,0.0006585810260837085,0.02371284484061066
21.75,0.003,0.004469846209613221,0.0005983853649196682,0.023452492368118052
21.76,0.003,0.0043804691876171125,0.0005437916569539577,0.023196807980836818
21.77,0.003,0.004289482450034994,0.0004963279326456733,0.02294687165130769
21.78,0.003,0.004197761860900447,0.0004573112083468918,0.022703272547394716
21.79,0.003,0.004106344092392949,0.00042781698898429314,0.022466077643940464
21.8,0.003,0.004016400289122876,0.00040865437799105723,0.022234855125500278
21.81,0.003,0.003929200111391784,0.000400347360619463,0.022008728931140125
21.82,0.003,0.0038460723569536215,0.0004031226863285839,0.02178644392858554
21.830000000000002,0.003,0.0037683596861671064,0.00041690462584321173,0.021566448849167422
21.84,0.003,0.0036973747831586363,0.00044131672212409845,0.02134698006328557
21.85,0.003,0.003634352924255192,0.00047569049542748633,0.021126156751992843
21.86,0.003,0.0035804078095046017,0.0005190809044730074,0.02090207277843421
21.87,0.003,0.003536488616559972,0.0005702882120757099,0.020672889878078336
21.88,0.003,0.0035033405528864265,0.000627885757916079,0.020436927355992115
21.89,0.003,0.0034814708958659144,0.0006902530067321344,0.02019274416315543
21.900000000000002,0.003,0.0034711204355583783,0.0007556131201671218,0.019939213835974506
21.91,0.003,0.003472241855982002,0.000822074197524222,0.0196755892414241
21.92,0.003,0.003484485610563439,0.0008876732471015259,0.019401555576595002
21.93,0.003,0.003507192268309096,0.0009504218875044516,0.01911727422012767
21.94,0.003,0.003539359596740087,0.00100835273877559,0.0188234871026602
21.95,0.003,0.0035790989664934115,0.0010595654472368152,0.018522751421188373
21.96,0.003,0.003621123533872571,0.0011022712959749366,0.01822506642079693
21.97,0.003,0.003658676857172239,0.00113483538473159,0.017943883257912054
21.98,0.003,0.0036879303251832257,0.0011558154178645638,0.017686472727110894
21.990000000000002,0.003,0.003706736899713769,0.001163996215781457,0.017456565044200685
22.0,0.003,0.003713598148803877,0.0011584191620695656,0.017256623998362287
22.01,0.003,0.0037073481063809085,0.0011384059132589833,0.017088586979452723
22.02,0.003,0.0036870502385886704,0.0011035758281580511,0.016954138204138946
22.03,0.003,0.003651970755843788,0.0010538567160394748,0.016854804806126337
22.04,0.003,0.003601593861424842,0.0009894886544037182,0.016791948512377537
22.05,0.003,0.003535676822817045,0.0009110207841642845,0.016766656295444958
22.06,0.003,0.003454353467809274,0.000819301149324709,0.016779510024746393
22.07,0.003,0.003358278232534535,0.0007154598059322314,0.01683025049150052
22.080000000000002,0.003,0.0032487210247239156,0.0006008855777237835,0.016917532070603692
22.09,0.003,0.0031274661357056895,0.0004771969799567358,0.01703909585903939
22.1,0.003,0.0029965541728847766,0.0003462079651750999,0.017192287836384438
22.11,0.003,0.0028580790700282136,0.0002098892620975739,0.017374461762646617
22.12,0.003,0.0027141036957851776,7.032617876008726e-05,0.017583122867518012
22.13,0.003,0.002566620708901475,-7.032617876008261e-05,0.01781596971763682
22.14,0.003,0.0024175106948650417,-0.00020988926209756928,0.018070940781274584
22.150000000000002,0.003,0.0022684978995501496,-0.00034620796517513324,0.01834626776637619
22.16,0.003,0.002121129224519806,-0.0004771969799567315,0.018640481276801433
22.17,0.003,0.0019768012699384985,-0.00060088557772382,0.018952314224850192
22.18,0.003,0.0018368337977771264,-0.0007154598059322273,0.01928050493298386
22.19,0.003,0.0017025523042490662,-0.0008193011493247052,0.01962358077197372
22.2,0.003,0.0015753404393086053,-0.0009110207841642773,0.0199797090039272
22.21,0.003,0.001456652219966028,-0.000989488654403715,0.020346637997721382
22.22,0.003,0.0013479957267744608,-0.0010538567160394705,0.020721706612678276
22.23,0.003,0.001250900062420351,-0.001103575828158048,0.02110189383005121
22.240000000000002,0.003,0.001166874792499465,-0.0011384059132589946,0.021483890496320743
22.25,0.003,0.0010973667141542646,-0.001158419162069566,0.02186418136130209
22.26,0.003,0.0010437141395268554,-0.0011639962157814604,0.02223913737486339
22.27,0.003,0.0010071024953557778,-0.001155815417864567,0.022605109528551354
22.28,0.003,0.000988520805784546,-0.0011348353847315887,0.02295852577853951
22.29,0.003,0.0009887162581568116,-0.0011022712959749424,0.02329599734723598
22.3,0.003,0.0010081135057842924,-0.0010595654472368146,0.02361450812334799
22.31,0.003,0.0010464165240343477,-0.0010083527387755975,0.023912311660853183
22.32,0.003,0.0011009562617158995,-0.0009504218875044596,0.024192627635452792
22.330000000000002,0.003,0.0011666570054555921,-0.0008876732471015026,0.024463893809324185
22.34,0.003,0.001239745614916781,-0.0008220741975242304,0.024731719449410355
22.35,0.003,0.0013181194553829902,-0.000755613120167095,0.02499801765592081
22.36,0.003,0.0014005276434751587,-0.0006902530067321425,0.025262783255163554
22.37,0.003,0.0014861786539819269,-0.0006278857579160866,0.025524979481998087
22.38,0.003,0.0015744614661892032,-0.0005702882120757166,0.0257831906581384
22.39,0.003,0.0016647283239232585,-0.0005190809044730132,0.026036144318688483
22.400000000000002,0.003,0.0017561880881134275,-0.00047569049542747093,0.02628299333169037
22.41,0.003,0.0018478831485576328,-0.0004413167221241018,0.026523408413295365
22.42,0.003,0.0019387061846691926,-0.0004169046258432048,0.026757575438990783
22.43,0.003,0.002027433207159127,-0.0004031226863285849,0.026986153647140042
22.44,0.003,0.0021127601100587945,-0.0004003473606194629,0.02721021660255204
22.45,0.003,0.00219334643486023,-0.00040865437799105723,0.027431175981814587
22.46,0.003,0.0022678590995658704,-0.0004278169889842903,0.02765069945144373
22.47,0.003,0.002335018571425755,-0.00045731120834689167,0.02787062020197571
22.48,0.003,0.002393644962844382,-0.0004963279326456679,0.028092842764030776
22.490000000000002,0.003,0.002442701328017778,-0.0005437916569539702,0.028319251076647088
22.5,0.003,0.002481335471801403,-0.000598385364919661,0.028551615743978114
22.51,0.003,0.0025089165608682875,-0.0006585810260837311,0.028791508389067518
22.52,0.003,0.0025250665918567475,-0.0007226750067365869,0.02904022276153909
22.53,0.003,0.002529685730671089,-0.0007888275887661023,0.029298704311883812
22.54,0.003,0.0025229702069468093,-0.0008551056974035097,0.029567491302724767
22.55,0.003,0.002505422807885654,-0.0009195278656406069,0.029846667353822676
22.56,0.003,0.0024778628010652913,-0.0009801104120275717,0.030135809953772054
22.57,0.003,0.0024415670043336736,-0.001034913780732591,0.03043364578999578
22.580000000000002,0.003,0.0023997732650632517,-0.001082087988776669,0.030734689436984455
22.59,0.003,0.00235933013002236,-0.0011199161453484506,0.031025426416701994
22.6,0.003,0.0023255957076228455,-0.0011468550515941714,0.03129533592187064
22.61,0.003,0.002301351443537436,-0.001161571955285639,0.03153936557174093
22.62,0.003,0.0022883557366606025,-0.0011629766217952798,0.03175456425376861
22.63,0.003,0.002287920446651551,-0.0011502479888755625,0.031938782221043044
22.64,0.003,0.002301090339943243,-0.001122854795447195,0.03209022832992259
22.650000000000002,0.003,0.0023287003026978463,-0.0010805697111586695,0.03220730157211554
22.66,0.003,0.0023713794999658407,-0.0010234766407918505,0.03228855039036315
22.67,0.003,0.0024295169376957683,-0.0009519710323111569,0.03233272979967252
22.68,0.003,0.0025031833405840705,-0.0008667531759762386,0.032338968487612155
22.69,0.003,0.0025920029680713604,-0.000768814640859003,0.03230706138534767
22.7,0.003,0.0026950158976166106,-0.0006594181507220786,0.0322378005996139
22.71,0.003,0.002810667937408291,-0.0005400713499904518,0.032133041735879046
22.72,0.003,0.0029370133843001,-0.0004124950491113377,0.03199530881778182
22.73,0.003,0.0030719682299362545,-0.0002785866637974428,0.03182728381001238
22.740000000000002,0.003,0.003213448230459738,-0.00014037967165220856,0.031631544902294646
22.75,0.003,0.003359420945345196,-5.373590380970235e-19,0.03141049498093584
22.76,0.003,0.0035079440598613527,0.00014037967165224559,0.031166322558662737
22.77,0.003,0.003657210281665817,0.0002785866637974254,0.030900948100770285
22.78,0.003,0.0038055839437958227,0.00041249504911132105,0.030615985957057924
22.79,0.003,0.003951600075316599,0.0005400713499904504,0.030312785109204154
22.8,0.003,0.004093911208019756,0.000659418150722077,0.0299925821317985
22.81,0.003,0.004231203570436782,0.0007688146408589907,0.02965672043454923
22.82,0.003,0.004362126372853621,0.0008667531759762282,0.02930684031574135
22.830000000000002,0.003,0.004485259966843895,0.0009519710323111803,0.028944982370544478
22.84,0.003,0.004599119514337585,0.0010234766407918481,0.02857360810148274
22.85,0.003,0.004702181507102745,0.0010805697111586812,0.028195567163461298
22.86,0.003,0.004792921053652387,0.0011228547954471933,0.02781403509694923
22.87,0.003,0.004869853799118044,0.001150247988875563,0.027432436535452107
22.88,0.003,0.004931581431781058,0.0011629766217952763,0.027054355720353446
22.89,0.003,0.004976836215845665,0.001161571955285635,0.026683444741636725
22.900000000000002,0.003,0.005004525184628643,0.001146855051594156,0.026323327506783123
22.91,0.003,0.005013773977921669,0.0011199161453484593,0.025977499588904055
22.92,0.003,0.005003980388240361,0.0010820879887766647,0.02564920160003703
22.93,0.003,0.0049749777850410515,0.0010349137807325866,0.02534104393760172
22.94,0.003,0.004927971894347923,0.0009801104120275676,0.02505291310503629
22.95,0.003,0.004867225292563428,0.0009195278656406027,0.024778149213212267
22.96,0.003,0.004797479905509329,0.0008551056974035227,0.024509028413563443
22.97,0.003,0.00472154321248126,0.0007888275887661153,0.024242068817007894
22.98,0.003,0.00464102224775413,0.0007226750067365833,0.023976471232519784
22.990000000000002,0.003,0.004556900340754807,0.000658581026083705,0.023712844381490693
23.0,0.003,0.0044698461964036654,0.0005983853649196718,0.023452491886210586
23.01,0.003,0.004380469171830815,0.000543791656953961,0.023196807480404806
23.02,0.003,0.004289482431352004,0.000496327932645676,0.02294687113662108
23.03,0.003,0.004197761839034008,0.00045731120834689005,0.02270327202235506
23.04,0.003,0.00410634406719528,0.00042781698898429195,0.022466077112083555
23.05,0.003,0.004016400260301602,0.0004086543779910582,0.022234854590248175
23.06,0.003,0.003929200078873596,0.0004003473606194632,0.022008728395366214
23.07,0.003,0.0038460723205774967,0.0004031226863285834,0.021786443395067558
23.080000000000002,0.003,0.0037683596458729747,0.0004169046258432127,0.021566448320292773
23.09,0.003,0.0036973747389510416,0.00044131672212409997,0.021346979541128394
23.1,0.003,0.0036343528761486675,0.00047569049542748384,0.02112615623844386
23.11,0.003,0.0035804077576117688,0.0005190809044730044,0.02090207227502276
23.12,0.003,0.003536488561004203,0.0005702882120757063,0.02067288938618716
23.13,0.003,0.0035033404938400775,0.0006278857579160824,0.020436926876783838
23.14,0.003,0.0034814708335743324,0.0006902530067321381,0.020192743697516963
23.150000000000002,0.003,0.0034711203702916566,0.0007556131201671174,0.01993921338465525
23.16,0.003,0.003472241788041472,0.0008220741975242175,0.019675588805024655
23.17,0.003,0.0034844855402921667,0.0008876732471015298,0.019401555155517624
23.18,0.003,0.0035071921960774196,0.0009504218875044554,0.019117273814660284
23.19,0.003,0.003539359522953355,0.0010083527387755938,0.018823486712929743
23.2,0.003,0.0035790988916781473,0.0010595654472368113,0.018522751046980826
23.21,0.003,0.0036211234587570653,0.001102271295974933,0.018225066061369206
23.22,0.003,0.0036586767821843755,0.0011348353847315928,0.017943882913091628
23.23,0.003,0.0036879302505559227,0.001155815417864566,0.017686472397078944
23.240000000000002,0.003,0.0037067368256609294,0.001163996215781459,0.01745656472911036
23.25,0.003,0.0037135980755162233,0.0011584191620695643,0.017256623698345908
23.26,0.003,0.003707348034034175,0.0011384059132589829,0.017088586694609127
23.27,0.003,0.003687050167384281,0.0011035758281580513,0.016954137934426503
23.28,0.003,0.0036519706859644173,0.0010538567160394744,0.0168548045514707
23.29,0.003,0.003601593792995895,0.0009894886544037198,0.0167919482727614
23.3,0.003,0.003535676755893069,0.0009110207841642867,0.016766656070937608
23.31,0.003,0.0034543534023445707,0.0008193011493247071,0.016779509815574967
23.32,0.003,0.0033582781683544173,0.000715459805932229,0.01683025029811911
23.330000000000002,0.003,0.003248720961588229,0.0006008855777237807,0.016917531893569503
23.34,0.003,0.003127466073382148,0.00047719697995674015,0.01703909569885334
23.35,0.003,0.0029965541112428776,0.0003462079651751045,0.017192287693290877
23.36,0.003,0.0028580790090262736,0.00020988926209757042,0.01737446163666137
23.37,0.003,0.002714103635450662,7.032617876008368e-05,0.017583122758473457
23.38,0.003,0.0025666206493286997,-7.032617876007768e-05,0.017815969625190234
23.39,0.003,0.0024175106362112108,-0.00020988926209756449,0.018070940704918194
23.400000000000002,0.003,0.002268497842054564,-0.00034620796517512864,0.018346267705396276
23.41,0.003,0.0021211291684922117,-0.00047719697995673446,0.018640481230300727
23.42,0.003,0.001976801215753902,-0.0006008855777238228,0.018952314191751835
23.43,0.003,0.001836833745842678,-0.0007154598059322238,0.019280504912106002
23.44,0.003,0.0017025522549796626,-0.0008193011493247023,0.019623580762103125
23.45,0.003,0.0015753403930753773,-0.000911020784164275,0.019979709003874725
23.46,0.003,0.0014566521770995548,-0.0009894886544037159,0.020346638006357734
23.47,0.003,0.0013479956875966988,-0.001053856716039471,0.020721706628859943
23.48,0.003,0.0012509000271338322,-0.001103575828158048,0.021101893852837155
23.490000000000002,0.003,0.0011668747612880617,-0.0011384059132589952,0.021483890524762943
23.5,0.003,0.0010973666871638434,-0.0011584191620695621,0.021864181394495093
23.51,0.003,0.0010437141168062835,-0.0011639962157814585,0.02223913741207202
23.52,0.003,0.001007102476921419,-0.0011558154178645647,0.022605109569050326
23.53,0.003,0.0009885207916216763,-0.0011348353847315917,0.022958525821632873
23.54,0.003,0.0009887162481649208,-0.0011022712959749459,0.023295997392385106
23.55,0.003,0.0010081134997550283,-0.0010595654472368111,0.023614508170202976
23.56,0.003,0.0010464165214192675,-0.0010083527387755938,0.023912311709787318
23.57,0.003,0.0011009562611730675,-0.0009504218875044557,0.0241926276885922
23.580000000000002,0.003,0.0011666570058407758,-0.0008876732471015072,0.024463893868412356
23.59,0.003,0.0012397456158067472,-0.0008220741975242349,0.02473171951463851
23.6,0.003,0.001318119456648547,-0.0007556131201670912,0.024998017726845734
23.61,0.003,0.0014005276451026537,-0.0006902530067321389,0.02526278333110085
23.62,0.003,0.0014861786559969932,-0.0006278857579160833,0.025524979562198624
23.63,0.003,0.001574461468633396,-0.0005702882120757201,0.025783190741851664
23.64,0.003,0.0016647283268429436,-0.0005190809044730161,0.026036144405177476
23.650000000000002,0.003,0.0017561880915541032,-0.000475690495427469,0.026282993420272117
23.66,0.003,0.001847883152560032,-0.0004413167221241003,0.02652340850332641
23.67,0.003,0.0019387061892679007,-0.000416904625843206,0.026757575529887386
23.68,0.003,0.002027433212385879,-0.00040312268632858544,0.026986153738360573
23.69,0.003,0.0021127601159332014,-0.0004003473606194627,0.027210216693618602
23.7,0.003,0.002193346441399858,-0.000408654377991058,0.027431176072288132
23.71,0.003,0.0022678591067743794,-0.0004278169889842915,0.027650699540946514
23.72,0.003,0.00233501857930297,-0.0004573112083468895,0.02787062029016681
23.73,0.003,0.0023936449713794507,-0.0004963279326456651,0.028092842850618478
23.740000000000002,0.003,0.0024427013371901185,-0.0005437916569539668,0.028319251161383945
23.75,0.003,0.002481335481584199,-0.000598385364919671,0.028551615826650674
23.76,0.003,0.002508916571225566,-0.0006585810260837271,0.028791508469501244
23.77,0.003,0.002525066602745076,-0.0007226750067365824,0.029040222839593052
23.78,0.003,0.0025296857420406653,-0.0007888275887660978,0.029298704387445793
23.79,0.003,0.0025229702187422893,-0.0008551056974035222,0.029567491375709385
23.8,0.003,0.002505422820045402,-0.0009195278656406023,0.029846667424172427
23.81,0.003,0.0024778628135248364,-0.0009801104120275676,0.030135810021448134
23.82,0.003,0.0024415670170161974,-0.0010349137807325868,0.030433645854999525
23.830000000000002,0.003,0.0023997732778557254,-0.0010820879887766654,0.03073468949941035
23.84,0.003,0.0023593301428225075,-0.00111991614534846,0.03102542647663642
23.85,0.003,0.002325595720379091,-0.0011468550515941686,0.03129533597930252
23.86,0.003,0.0023013514562133784,-0.0011615719552856365,0.031539365626637866
23.87,0.003,0.002288355749222475,-0.001162976621795278,0.03175456430610458
23.88,0.003,0.002287920459066303,-0.0011502479888755657,0.03193878227080258
23.89,0.003,0.002301090352178281,-0.0011228547954471963,0.03209022837710211
23.900000000000002,0.003,0.002328700314721317,-0.0010805697111586701,0.032207301616722715
23.91,0.003,0.002371379511751601,-0.0010234766407918518,0.03228855043240556
23.92,0.003,0.0024295169492272424,-0.0009519710323111588,0.03233272983914879
23.93,0.003,0.0025031833518596672,-0.0008667531759762328,0.03233896852449928
23.94,0.003,0.0025920029791094783,-0.0007688146408589955,0.03230706141958865
23.95,0.003,0.002695015908456392,-0.0006594181507220823,0.03223780063111478
23.96,0.003,0.0028106679480910455,-0.0005400713499904559,0.03213304176454747
23.97,0.003,0.002937013394857254,-0.00041249504911134214,0.03199530884355332
23.98,0.003,0.0030719682403823707,-0.00027858666379743124,0.031827283832865226
23.990000000000002,0.003,0.003213448240795241,-0.00014037967165219658,0.031631544922243654
24.0,0.003,0.003359420981406795,-5.486417660180142e-18,0.03141049494397862
